Jump #,Date,Drop Zone,Aircraft,Jump Type,Notes

1,1989-08-05,Turners Falls,Cessna 182,Static Line,"FJC (First Jump) - Good exit, arch, canopy - go to DRCP"
2,1989-08-06,Turners Falls,Cessna 206,Static Line,DRCP - Nice job! Cleared a malfunction!! (line over)
3,1989-08-19,Turners Falls,Cessna 206,Static Line,"DRCP - Good jump, nice loud count, good job."
4,1989-08-19,Turners Falls,Cessna 182,Static Line,"DRCP - Good exit, good arch, good DRC."
5,1989-08-26,Turners Falls,Cessna 206,Static Line,DRCP - EXCELLENT!! Go to free fall.
6,1989-08-26,Turners Falls,Cessna 206,Hop and Pop,FFF - Good jump - solid and stable. Go to 5!!!!
7,1989-08-27,Turners Falls,Cessna 206,Hop and Pop,"5 sec delay - Nice arch, work on exit. OK for 10 sec."
8,1989-09-09,Turners Falls,Cessna 206,Hop and Pop,"10 sec delay - Weak arch on exit, corrected, nice solid freefall - good one!"
9,1989-09-10,Turners Falls,Cessna 206,Hop and Pop,10 sec delay (Relaxed Arch) - Excellent!! Nice relaxed arch. Work on leg position. Slight left turn. 15's next.
10,1989-09-24,Turners Falls,Cessna 206,RW,"Relaxed Arch 180 turn RT - Good Job! 180 to 270 > turn RT. Stopped turn. 3500' good look, reach, & pull. Do 360 turn next & spot."
11,1989-09-30,Turners Falls,Cessna 206,RW,"360 L, track, wave off - So-so exit, good 360 L (270). Nice track, good wave-off - BUT - pulled at ~2300'. ALTITUDE AWARENESS!! OK 30's."
12,1989-10-01,Turners Falls,Cessna 206,RW,"Diving exit, back loop, delta, spotting - Good spotting. Good back loop + altitude awareness! Potatoe chipped a little on delta. Good wave off and pull. Do another 30 sec unless otherwise instructed."
13,1989-10-07,Turners Falls,Cessna 206,RW,"360 L, 360 R (30 sec) - Good stable bomb out, nice 360 L, 360 R. Pinned right after. Work on body position and legs a bit. Good alt. aware. On to 45's."
14,1989-10-08,Turners Falls,Cessna 206,RW,"Pin 360 L Pin 360 R - Good stable bomb out, kept right on heading until pin. Dropped left leg, spinning formation. Broke. 360 L no redock. Wave off, pull. Didn't 180 & track! Spot next. Make sure 180 & track."
15,1989-10-08,Turners Falls,Cessna 206,RW,"RW 2 - Bomb out - pin by JM, left 360, re-dock 180 left turn on track (keep legs & arms out more) - next dive front loop / barrel roll & OFF STATUS."
16,1989-10-14,Turners Falls,Cessna 206,RW,"45 sec delay - Stable bomb out base pin turned 375 broke and redock. Broke, attempted barrel roll. Front loop. Turn 180, track, slow wave-off pull 2600'. ** Joe has met all USPA min. std. perf...and can J/M himself **"
17,1989-10-14,Turners Falls,Cessna 206,RW,Attempted 3-way w/DaveAtherton/DaveWilliams
18,1989-10-28,Turners Falls,Cessna 205,RW,Solo - first throwout & small 7-cell
19,1989-10-29,Turners Falls,Cessna 205,RW,Solo
20,1989-10-29,Turners Falls,Cessna 205,RW,Attempted 5-way w/Tooth
21,1989-11-04,Turners Falls,Cessna 205,RW,2-way w/Tania
22,1989-11-19,Turners Falls,Cessna 206,RW,Solo - Followed (5 sec) Hiroto and Bob. Could not find throw-out! Pulled reserve - stood up. (Practice throw-out on new rig next time!)
23,1989-12-02,Turners Falls,Cessna 205,Hop and Pop,5 second delay
24,1990-01-06,Pepperell,Cessna 182,Hop and Pop,Try new gear!
25,1990-01-06,Pepperell,Cessna 182,Hop and Pop,Try canopy
26,1990-01-06,Pepperell,Cessna 182,RW,Attempted 2-way w/Hiroto
27,1990-01-07,Pepperell,Cessna 182,Hop and Pop,Play with canopy
28,1990-01-07,Pepperell,Cessna 182,RW,2-way w/John
29,1990-01-07,Pepperell,Cessna 182,RW,2-way w/Dennis
30,1990-01-20,Turners Falls,Cessna 206,RW,Attempted 3-way w/BobClancy/KennyMangus
31,1990-01-20,Turners Falls,Cessna 206,RW,Attempted 2-way w/HirotoShibuya
32,1990-01-27,Coolidge,Beech,RW,Solo
33,1990-01-27,Coolidge,DC-3,RW,2-way + no-contact CRW w/BryanBurke
34,1990-01-27,Coolidge,DC-3,RW,2-way + no-contact CRW w/BryanBurke
35,1990-01-27,Coolidge,DC-3,RW,2-way w/Hiroto
36,1990-01-28,Coolidge,Beech,RW,Attempted 2-way w/Hiroto
37,1990-01-28,Coolidge,Beech,RW,2-way w/Hiroto
38,1990-01-28,Coolidge,DC-3,RW,4-way w/Hiroto/Joe/Yasmin
39,1990-01-28,Coolidge,DC-3,RW,Attempted 4-way w/Hiroto/Joe/Yasmin
40,1990-01-28,Coolidge,DC-3,RW,Attempted 3-way w/Hiroto/Jim
41,1990-01-29,Coolidge,DC-3,RW,2-way w/Hiroto
42,1990-01-29,Coolidge,DC-3,RW,3-way w/Hiroto/Don
43,1990-01-29,Coolidge,DC-3,RW,3-way w/Hiroto/Don - 5 points
44,1990-01-29,Coolidge,DC-3,RW,2-way w/Hiroto
45,1990-01-29,Coolidge,DC-3,RW,2-way w/Hiroto
46,1990-01-30,Coolidge,DC-3,RW,4-way w/Peter/Shigeru/Hiroyuki
47,1990-01-30,Coolidge,DC-3,RW,Attempted 4-way w/Peter/Shigeru/Hiroyuki
48,1990-01-30,Coolidge,DC-3,RW,4-way w/Peter/Shigeru/Hiroyuki
49,1990-01-30,Coolidge,DC-3,RW,5-way w/Peter/Shigeru/Hiroyuki/Doug
50,1990-01-30,Coolidge,DC-3,RW,4-way w/Peter/Shigeru/Doug
51,1990-01-30,Coolidge,DC-3,RW,4-way
52,1990-01-31,Coolidge,DC-3,RW,5-way
53,1990-01-31,Coolidge,DC-3,RW,5-way
54,1990-01-31,Coolidge,DC-3,RW,4-way
55,1990-02-02,Coolidge,DC-3,RW,2-way w/Hiroto
56,1990-02-02,Coolidge,Beech,RW,2-way
57,1990-02-02,Coolidge,DC-3,RW,3-way w/Hiroto/Harry
58,1990-02-02,Coolidge,DC-3,RW,2-way w/Hiroto
59,1990-02-02,Coolidge,DC-3,RW,3-way w/Hiroto/Harry
60,1990-02-03,Coolidge,Balloon (Raven AX9),Hop and Pop,Solo from balloon - landed in the peas!
61,1990-02-03,Coolidge,DC-3,RW,4-way w/Hiroto/Mike/Jerry
62,1990-02-03,Coolidge,DC-3,RW,5-way w/Hiroto/Mike/Jerry/Brian
63,1990-02-03,Coolidge,DC-3,RW,5-way w/Yasmin/Mike/Hiroto/Jerry
64,1990-02-03,Coolidge,DC-3,RW,4-way + CRW attempt w/Steve/Bryan/Hiroto
65,1990-02-11,Turners Falls,Cessna 206,RW,Attempted 4-way w/Hiroto/HW/Todd
66,1990-02-11,Turners Falls,Cessna 206,RW,5-way w/Ed/Tania/Todd/Garry
67,1990-02-18,Turners Falls,Cessna 206,RW,Attempted 5-way w/Q/Toad/Bobert/Howard
68,1990-02-18,Turners Falls,Cessna 206,RW,Attempted 5-way w/Q/Bobert/Howard/Tania
69,1990-02-19,Turners Falls,Cessna 206,RW,Attempted 6-way w/Hiroto/Scott/Q/Howard/Tania
70,1990-02-19,Turners Falls,Cessna 206,RW,4-way w/Hiroto/Scott/Howard
71,1990-03-03,Pepperell,Cessna 182,Hop and Pop,"Jump, stable, pull"
72,1990-03-03,Pepperell,Cessna 182,RW,3-way w/Tom/Dee
73,1990-03-03,Pepperell,Cessna 182,RW,3-way w/Bob/Scott
74,1990-03-10,Turners Falls,Cessna 206,RW,3-way w/JimRees/Hiroto
75,1990-03-10,Turners Falls,Cessna 206,CRW,2-way CRW w/Q - 1st bi-plane - 1st down-plane! - Ya Hoo!
76,1990-03-10,Turners Falls,,RW,4-way w/Hiroto/Tupper/Tania
77,1990-03-10,Turners Falls,,RW,6-way w/Bobert/HW/Q/Chic/Lisa
78,1990-03-10,Turners Falls,,RW,3-way w/Cecilia/Tupper
79,1990-03-11,Turners Falls,Cessna 206,CRW,2-way CRW w/Q - 2 points - bi-planes
80,1990-03-11,Turners Falls,Cessna 206,RW,3-way w/Q/HW
81,1990-03-18,Pepperell,Cessna 182,Hop and Pop,
82,1990-03-18,Pepperell,Cessna 182,RW,4-way w/Scott/Hiroto/Guy
83,1990-03-18,Pepperell,Cessna 182,RW,4-way
84,1990-03-25,Turners Falls,Cessna 206,RW,2-way w/Jackie
85,1990-03-25,Turners Falls,Cessna 206,RW,2-way w/Jackie
86,1990-04-07,Turners Falls,Cessna 206,RW,2-way + CRW attempt w/Q
87,1990-04-07,Turners Falls,Cessna 206,RW,6-way attempt w/Scott/Wich/Q/Greg/Nick
88,1990-04-08,Turners Falls,Cessna 182,RW,4-way attempt w/PK/Hiroto/Scott
89,1990-04-08,Turners Falls,Cessna 206,RW,5-way w/Q/Hiroto/Howard/Wich
90,1990-04-14,Turners Falls,Cessna 182,RW,4-way w/Tania/Mike/Wich
91,1990-04-14,Turners Falls,Cessna 206,RW,3-way w/Hiroto/Mike
92,1990-04-14,Turners Falls,Cessna 182,RW,3-way w/Hiroto/Scott
93,1990-04-22,Turners Falls,Cessna 182,RW,4-way w/Wich/Steve/Kris
94,1990-04-22,Turners Falls,Cessna 206,RW,6-way w/Steve/Jack/Kris/Joanne/PK
95,1990-04-22,Turners Falls,Cessna 182,RW,Attempted 4-way w/Hiroto/PK/Ron
96,1990-04-22,Turners Falls,Cessna 182,RW,Attempted 4-way w/Tupper/Hiroto/Jack
97,1990-04-26,Pepperell,Cessna 182,Hop and Pop,H&P Haaaa!!!! (Q)
98,1990-04-27,Pepperell,Cessna 182,Hop and Pop,H&P
99,1990-04-27,Pepperell,Cessna 182,RW,4-way w/Q/Howard/Zach
100,1990-04-27,Pepperell,Cessna 182,RW,4-way w/Q/Howard/Zach
101,1990-04-28,Turners Falls,Cessna 206,RW,5-way w/Scott/Bonnie/Carl/Leslie
102,1990-04-28,Turners Falls,Cessna 182,RW,4-way w/PK/Scott/Jack
103,1990-04-28,Turners Falls,Cessna 182,RW,4-way w/Leslie/Scott/James
104,1990-04-28,Turners Falls,Cessna 206,RW,5-way w/Peaker/Scott/Joanne/Mary
105,1990-05-02,Pepperell,Cessna 182,RW,3-way w/Tim/Hiroto
106,1990-05-02,Pepperell,Cessna 182,RW,4-way w/Heather/Hiroto/Howard
107,1990-05-04,Pepperell,Cessna 182,RW,3-way w/Dave/TomM
108,1990-05-04,Pepperell,Cessna 182,RW,3-way w/TomS/Hiroto
109,1990-05-04,Pepperell,Cessna 182,Hop and Pop,Solo - Freefall...
110,1990-05-04,Pepperell,Cessna 182,RW,3-way w/Hiroto/Howard
111,1990-05-06,Turners Falls,,RW,2-way w/Scott
112,1990-05-06,Turners Falls,,RW,2-way w/Hiroto
113,1990-05-06,Turners Falls,Cessna 206,RW,3-way w/Hiroto/Scott
114,1990-05-06,Turners Falls,Cessna 182,RW,4-way w/PeteWolfe/Skip/Hiroto
115,1990-05-06,Turners Falls,Cessna 182,RW,3-way w/Joyce/Scott
116,1990-05-09,Pepperell,Cessna 182,RW,4-way w/Scott/Hiroto/Henry
117,1990-05-09,Pepperell,Cessna 182,RW,2-way w/Hiroto
118,1990-05-09,Pepperell,Cessna 182,RW,4-way w/Hiroto/Marc/Q - Q's first cutaway!
119,1990-05-12,Turners Falls,Cessna 206,RW,5-way w/PK/Jim/Hiroto/Graham
120,1990-05-12,Turners Falls,Cessna 206,Hop and Pop,JM practice: Put out a 10 second delay and Mike Cook on dummy S/L
121,1990-05-19,The Herd,Caribou,RW,6-way
122,1990-05-19,The Herd,Caribou,RW,"Solo - figure 8, backloop, figure 8, backloop"
123,1990-05-19,The Herd,Caribou,RW,Attempted 21-way
124,1990-05-19,The Herd,Caribou,RW,2-way
125,1990-05-24,Pepperell,Cessna 182,RW,3-way w/Tim/Scott
126,1990-05-24,Pepperell,Cessna 182,RW,4-way w/Tim/Scott/Tim
127,1990-05-24,Pepperell,Cessna 182,RW,3-way w/Marianne/Howard
128,1990-05-25,Pepperell,Cessna 182,RW,4-way w/Howard/Josh/Tony
129,1990-05-25,Pepperell,Cessna 182,RW,2-way w/Marianne - bloody-nose kiss pass!
130,1990-05-26,Pepperell,Caravan,RW,3-way w/Kris/Jim
131,1990-05-26,Pepperell,Caravan,RW,7-way (attempted 10-way) w/HowardHandy
132,1990-05-26,Pepperell,Caravan,RW,12-way round - ouch! sprained ankle
133,1990-06-08,Turners Falls,Cessna 206,RW,JM practice: JM Tom + 2-way w/Jackie - 2 points
134,1990-06-08,Turners Falls,Cessna 206,RW,"JM practice: JM & follow Todd on 45 second - Yaa Hoo! - ""good job!!!"""
135,1990-06-08,Turners Falls,Cessna 206,RW,JM practice: JM Mark + 3-way w/Wich/PK - 3 points
136,1990-06-08,Turners Falls,Cessna 182,RW,JM practice: JM & watch 30 second - Freefall...
137,1990-06-16,Turners Falls,Cessna 206,RW,"JM practice: Kirin - DRCP, Kris - DRCP, Musaki - 15 second"
138,1990-06-16,Turners Falls,Cessna 182,RW,4-way w/Todd/Todd/Al
139,1990-06-16,Turners Falls,Cessna 206,Hop and Pop,JM practice: Dave - FFF
140,1990-06-16,Turners Falls,Cessna 206,RW,6-way w/EJ/PK/Al/Jim/Tania - 1 point
141,1990-06-17,Turners Falls,Cessna 206,RW,5-way w/Todd/Jim/Hiroto/PK - 1 point
142,1990-06-17,Turners Falls,Cessna 206,Hop and Pop,JM practice: 2 DRCPs
143,1990-06-17,Turners Falls,Cessna 206,RW,Tandem chase
144,1990-06-17,Turners Falls,Cessna 206,RW,9-way (formation load) w/Hiroto/Bobert/Toad/Joyce/PK/Joanne/Jim/Tooth - 1 point
145,1990-06-20,Turners Falls,Cessna 206,Hop and Pop,JM practice: Joanne - S/L
146,1990-06-20,Turners Falls,Cessna 206,Hop and Pop,"JM practice: Mary - S/L, Joanne - S/L, Bobert - S/L, Tim - 5 second"
147,1990-06-22,Turners Falls,Cessna 206,RW,"Tandem chase + CRW w/Mike - bi-plane + down-plane"
148,1990-06-22,Turners Falls,Cessna 182,Static Line,As JM practice student: 1st PRCP
149,1990-06-22,Turners Falls,Cessna 206,RW,"JM practice: PK - 10 second, Howard - 15 second"
150,1990-06-22,Turners Falls,Cessna 206,RW,4-way w/Al/PK/Joanne - 2 points
151,1990-06-22,Turners Falls,Cessna 206,CRW,CRW w/Q - bi-plane
152,1990-06-24,Turners Falls,Cessna 206,Hop and Pop,JM evaluation jump: JM'd Bob Murray on DRCP for JCC
153,1990-06-24,Turners Falls,Cessna 182,Static Line,As JM evaluation jump student: Bob Murray JM'd me on DRCP for JCC
154,1990-06-24,Turners Falls,Cessna 206,Hop and Pop,Solo (early exit) - Mist...
155,1990-06-27,Pepperell,Cessna 182,RW,4-way w/Hiroto/Scott/Richard - 1 point
156,1990-06-27,Pepperell,Cessna 182,Hop and Pop,Mr. Bill w/Heather
157,1990-06-27,Pepperell,Cessna 182,RW,4-way w/Hiroto/HW/JoeB - 1 point
158,1990-07-06,Turners Falls,Cessna 206,RW,3-way w/PK/Carl - 1 point
159,1990-07-06,Turners Falls,Cessna 206,RW,5-way w/PK/Jim/Nick/Carl - 2 points
160,1990-07-06,Turners Falls,Cessna 206,RW,Night solo jump
161,1990-07-06,Turners Falls,Cessna 182,RW,2-way night jump - 1 point
162,1990-07-07,Turners Falls,Cessna 206,RW,6-way w/Joanne/PK/Theresa/Heather/Bonnie
163,1990-07-07,Turners Falls,Cessna 206,RW,4-way w/PK/Jane/Wich - 1 point
164,1990-07-07,Turners Falls,Cessna 182,RW,4-way w/Howard/Jack/Bob - 2 points
165,1990-07-07,Turners Falls,Cessna 182,JM,"Rick - S/L, Jim - DRCP"
166,1990-07-07,Turners Falls,Cessna 206,RW,Night 3-way w/Jim/Bobbert - 4 points - then looked at the beautiful Moon!
167,1990-07-08,Turners Falls,Cessna 182,RW,3-way w/Bonnie/PK
168,1990-07-08,Turners Falls,Cessna 182,RW,4-way w/Mike/Kris/Ken
169,1990-07-08,Turners Falls,Cessna 180,RW,2-way w/Mark
170,1990-07-14,Lebanon,Twin Otter,RW,6-way w/Zack/Barbara/etc.
171,1990-07-14,Lebanon,Twin Otter,RW,13-way w/Zack/Mary/Chick - 1 point
172,1990-07-14,Lebanon,Twin Otter,RW,6-way w/Bob/Mary/Stella/Kevin/Chick - 2 points
173,1990-07-14,Lebanon,Twin Otter,RW,14-way Weed-Whacker w/Josh/Peter/Heather/JD/Chick/Mary/Stella/Zack/Quinton - 2 points
174,1990-07-15,Lebanon,Twin Otter,RW,3-way w/Zack
175,1990-07-15,Lebanon,Twin Otter,RW,6-way w/Stella/Joel/Mary/Al/Barbara
176,1990-07-15,Lebanon,Twin Otter,RW,"12-way ""No-suiter"" w/Mary/Barbara - 3 points"
177,1990-07-15,Lebanon,Twin Otter,RW,11-way - 3 points
178,1990-07-18,Pepperell,Cessna 182,RW,4-way w/Mark/BobC/Hiroto - 2 points
179,1990-07-18,Pepperell,Cessna 182,RW,4-way w/Mike/BobC/Hiroto - 3 points
180,1990-07-19,Pepperell,Cessna 182,RW,2-way w/Scott
181,1990-07-19,Pepperell,Cessna 182,RW,"Finally got to my slot after much adu. High, low, you know. I probably even overshot!"
182,1990-07-21,Turners Falls,Cessna 206,JM,"Bob - DRCP, Jean-Pierre - DRCP + 4-way w/Jay/Hiroto/Leslie - 3 points"
183,1990-07-21,Turners Falls,Cessna 206,JM,"Dave - S/L, Bill - DRCP, Bob - FFF, Jean-Pierre - FFF"
184,1990-07-21,Turners Falls,Cessna 206,JM,"Susan - S/L, Gordon - DRCP, Martin - DRCP, Dean - DRCP"
185,1990-07-21,Turners Falls,Cessna 206,JM,"Dave - FF, Masa - FFF, Dean - FFF, Masaki - 30 second"
186,1990-07-21,Turners Falls,Cessna 206,RW,4-way w/Tania/Tony/Toma - 3 points
187,1990-07-22,Turners Falls,Cessna 206,RW,"4-way w/Hiroto/PK/Steve - Didn't work, but good exit!"
188,1990-07-22,Turners Falls,Cessna 182,JM,"Dave - FF, Shawn - 5 second, Rob - 5 second"
189,1990-07-22,Turners Falls,Cessna 206,JM,Theresa - FJC
190,1990-07-28,Lebanon,Twin Otter,RW,8-way
191,1990-07-28,Lebanon,Twin Otter,RW,12-way w/Hiroto - 1 point
192,1990-07-28,Lebanon,Twin Otter,RW,8-way
193,1990-07-29,Lebanon,Twin Otter,RW,6-way w/Hiroto/Joel/Mel
194,1990-07-29,Lebanon,Twin Otter,RW,4-way w/Mary/Dick/Dick - 5 points
195,1990-07-29,Lebanon,Twin Otter,RW,12-way - 2 points
196,1990-07-29,Lebanon,Twin Otter,RW,9-way mystery dive
197,1990-07-29,Lebanon,Twin Otter,RW,20-way w/Dee/Kari/Mary/Dick/HW/Mark/Huey/Zack/Heather/Peter/Dennis
198,1990-08-02,Pepperell,Cessna 182,Hop and Pop,Solo - Watch CRW
199,1990-08-02,Pepperell,Cessna 182,RW,4-way w/Tim/Jim/Charlie
200,1990-08-02,Pepperell,Cessna 182,RW,4-way w/Q/HW/Tim + CRW w/Q (landed off)
201,1990-08-04,Turners Falls,Cessna 206,RW,6-way - Nothing outstanding (staff load)
202,1990-08-04,Turners Falls,Cessna 206,JM,"Mike - DRCP, Bob - FF, Jean-Pierre - 5 second, Ted - 45 second (off status!)"
203,1990-08-04,Turners Falls,Cessna 182,JM,"Kirin - DRCP, Bob - FF, Jean-Pierre - 10 second"
204,1990-08-04,Turners Falls,Cessna 206,JM,"David - FJC, Ian- S/L, Leah - S/L, Bill - S/L"
205,1990-08-04,Turners Falls,Cessna 182,RW,4-way w/Mark/Bob/Hiroto - Mark swoop big time.
206,1990-08-12,Turners Falls,Cessna 182,RW,4-way w/Tooth - 5 points
207,1990-08-12,Turners Falls,Cessna 182,CRW,4-way CRW w/Heather/Q/Shireen - landed bi-plane w/Q
208,1990-08-12,Turners Falls,Cessna 206,RW,6-way w/PK/Joyce/Todd/Tania/Joanne - 1 point
209,1990-08-12,Turners Falls,Cessna 182,RW,4-way w/PK/Tania/Heather - 5 points
210,1990-08-15,Pepperell,Cessna 182,RW,4-way w/Scott/Hiroto/Jim - 2 points
211,1990-08-15,Pepperell,Cessna 182,RW,3-way w/Heather/Jim - 5 points
212,1990-08-18,Turners Falls,Cessna 206,CRW,"6-way CRW w/PK/Hiroto - Wrapped PK, then sort of caused a Hiroto/PK wrap... Pretty bad!"
213,1990-08-18,Turners Falls,Cessna 206,CRW,2-way CRW w/Hiroto - Hiroto and I tried a base pin with not much luck.
214,1990-08-18,Turners Falls,Cessna 182,CRW,4-way CRW w/Chick/Mario/Hiroto - Rotations - 3 points
215,1990-08-26,Turners Falls,Cessna 206,CRW,3-way CRW w/Q/PK - 3 points - then bi-plane + down-plane w/Q - Yaa Hoo
216,1990-08-26,Turners Falls,Cessna 206,JM,"Roger - FJC, Bob - FJC, Bob - DRCP, Niel - DRCP"
217,1990-08-26,Turners Falls,Cessna 206,CRW,3-way CRW w/Q/PK - 1 point
218,1990-08-26,Turners Falls,Cessna 206,JM,"Peter - FJC, Andy - FJC, Thom - FJC, Roland - FJC"
219,1990-08-26,Turners Falls,Cessna 206,CRW,4-way CRW w/Mike/Q
220,1990-08-29,Pepperell,Cessna 182,RW,3-way w/Heather/Butch - 4 points
221,1990-09-01,The Herd,Caribou,RW,5-way w/Howard/Hiroto/Bonnie/Bob - 1 point
222,1990-09-01,The Herd,Caribou,RW,6-way - Got round
223,1990-09-01,The Herd,Twin Otter,RW,"13-way - Got spider base, then it pulled apart. Went for round, but some people out."
224,1990-09-02,The Herd,Caribou,RW,7-way - Oh well - Built to 5-way
225,1990-09-02,The Herd,Twin Otter,RW,8-way - FUNNEL CITY!
226,1990-09-02,The Herd,Caribou,RW,9-way w/Tree/Vince/PK/Hiroto/Jackie/Jim/Joyce/John - Videoed by Mike McGowan
227,1990-09-02,The Herd,Twin Otter,RW,10-way w/Brian/Jackie/etc.
228,1990-09-02,The Herd,Twin Otter,RW,4-way w/Bob/Hiroto/Jackie - Bob left early - we swooped him big time!
229,1990-09-03,The Herd,Twin Otter,RW,5-way w/Hiroto/Joyce/Jackie/John - 2 points
230,1990-09-03,The Herd,Caribou,RW,8-way
231,1990-09-03,The Herd,Caribou,RW,12-way w/Jackie/Bob/Hiroto/Dave/Bill/PK/Jim/Joanne/Joyce
232,1990-09-03,The Herd,Twin Otter,RW,9-way w/Joanne/PK
233,1990-09-03,The Herd,Caribou,RW,"~9-way - ""T"" on break-off"
234,1990-09-08,Turners Falls,Cessna 206,Freestyle,"Free Style w/Tania - HA AA HA! Twist, 360, ""T"", Backloop - Videoed by HW"

235,1990-09-08,Turners Falls,Cessna 182,RW,4-way w/Tania/Jackie/Todd - 4 points
236,1990-09-09,Turners Falls,Cessna 206,JM,"Bob - S/L, Mike - S/L, Mac - S/L, Max - S/L"
237,1990-09-09,Turners Falls,Cessna 206,JM,"Roger - S/L, Andrea - DRCP, Bob - DRCP, Steve - FF"
238,1990-09-09,Turners Falls,Cessna 206,JM,"Roger - DRCP, Bob - DRCP, Olaf - 5 second, Carl - 5 second"
239,1990-09-13,Lebanon,Twin Otter,RW,"Lurk 10-way - Tom Piras Seminar - Stayed relative to formation, wait for round at end (they never made it)."
240,1990-09-13,Lebanon,Twin Otter,RW,12-way w/TomPiras/Shireen/Roger/Scott - 4 points (with breaks?)
241,1990-09-13,Lebanon,Twin Otter,RW,"11-way - Got round, but then Scott & I funneled, etc."
242,1990-09-13,Lebanon,Twin Otter,RW,Went low
243,1990-09-13,Lebanon,Twin Otter,RW,20-way - Almost made it - These dives are a little too big.
244,1990-09-15,Lebanon,Twin Otter,RW,6-way w/TomPiras/Steve/Shireen/George/Lisa - 5 points
245,1990-09-15,Lebanon,Twin Otter,RW,8-way w/TomPiras/Steve/Bob/Shireen/George/Lisa - 4 points
246,1990-09-16,Lebanon,Queen Air,RW,10-way w/TomPiras/Lisa
247,1990-09-16,Lebanon,Queen Air,RW,9-way w/TomPiras/Brian/Lisa - 2 points
248,1990-09-16,Lebanon,Twin Otter,RW,9-way w/TomPiras/Brian/Lisa (repeat) - 4 points (with breaks?)
249,1990-09-16,Lebanon,Twin Otter,RW,"9-way w/TomPiras/Brian/Lisa (repeat, but no-contact except first round)"
250,1990-09-16,Lebanon,Twin Otter,RW,8-way w/TomPiras/Lisa - End of Tom Piras Seminar
251,1990-09-22,Turners Falls,Cessna 206,RW,4-way w/Todd/PK/Joyce - 3 points
252,1990-09-23,Turners Falls,Cessna 206,RW,4-way w/Jack/Tupper/Todd - Funnel action
253,1990-09-23,Turners Falls,Cessna 206,RW,5-way w/Al/Nancy/PK/Tupper - 3 points
254,1990-09-23,Turners Falls,Cessna 182,JM,"Dave - FJC, Mark - FJC, Scott - FJC"
255,1990-10-07,Turners Falls,Cessna 182,RW,4-way w/Heather/HW/Tania - 5 points
256,1990-10-21,Turners Falls,Cessna 206,RW,4-way w/PK/Jim/Joanne - 2 points + funnel
257,1990-10-21,Turners Falls,Cessna 206,RW,4-way w/OK/Joanne/Jim - 3 points
258,1990-10-21,Turners Falls,Cessna 206,RW,4-way w/PK/HW/Hiroto - 1 point
259,1990-10-28,Turners Falls,Cessna 182,JM,"Pat - S/L, Radu - S/L, Vipul - FF"
260,1990-10-28,Turners Falls,Cessna 206,JM,"Kerry - FJC, Whitney - FJC, Raeanne - FJC, Phil - FJC"
261,1990-11-03,Turners Falls,Cessna 206,CRW,"CRW w/Wich - Wich pinned me, I had trouble getting to pin him - downplane transition funky - release"
262,1990-11-03,Turners Falls,Cessna 206,Freestyle,Freestyle w/Tania
263,1990-11-18,Woodstock,Cessna 182,Hop and Pop,Solo - Canopy re-inflated after landing and got stuck in wind-sock - bad day!
264,1990-12-01,Turners Falls,Cessna 206,JM,"Roger - FF, Bob - FF, Dave - 5 second"
265,1990-12-01,Turners Falls,Cessna 206,RW,6-way w/Leon/Bobert/HW/Jay/Leslie - 2 points
266,1990-12-01,Turners Falls,Cessna 206,RW,6-way w/John/Joyce/Shireen/Jane/HW - Strange brain-lock dive.
267,1990-12-01,Turners Falls,Cessna 206,RW,10-way (formation load) - I fell off chase plane on climb-out. (then ~3000 ft below group)
268,1991-02-02,Pepperell,Cessna 205,RW,3-way w/Scott/Lou - No contact - Scott pulled out at 3500 - Weee
269,1991-02-02,Pepperell,Cessna 205,RW,"3-way w/Hiroto/Jose - Same dive as last, but fun!"
270,1991-02-03,Turners Falls,Cessna 182,RW,4-way w/Tania/Todd/Q - 4 points
271,1991-02-03,Turners Falls,Cessna 182,RW,4-way w/Tania/Todd/Q - 4 points + CRW w/Q - bi-plane
272,1991-02-09,Z-Hills,Casa,RW,5-way w/Hiroto - 5 points
273,1991-02-09,Z-Hills,Casa,RW,7-way w/Hiroto - 6 points
274,1991-02-10,Z-Hills,Casa,RW,8-way - 6 points
275,1991-02-10,Z-Hills,Casa,RW,2-way w/Mark - No contact / redock stuff. Mark changed fall rate often.
276,1991-02-11,Z-Hills,DC-3,RW,3-way w/Mark/Hiroto - No contact stuff.
277,1991-02-11,Z-Hills,DC-3,RW,10-way
278,1991-02-11,Z-Hills,DC-3,RW,3-way w/Mark/Hiroto - Rotating open accordions. Sort-of...
279,1991-02-11,Z-Hills,DC-3,RW,13-way - 2 points
280,1991-02-11,Z-Hills,DC-3,RW,"3-way w/Mark/Hiroto - Side-bodys. At end, Mark went low, then lower because he looked up. Hiroto and I enjoyed sunset."
281,1991-02-12,Z-Hills,Casa,RW,"3-way w/Mark/Hiroto - Triple flips - Try some ""one out"" two-ways. Mark's 1st reserve ride (total)"
282,1991-02-12,Z-Hills,DC-3,RW,14-way - A plane (jet airliner) flew under us!
283,1991-02-12,Z-Hills,DC-3,RW,5-way - 8 points
284,1991-02-12,Z-Hills,DC-3,RW,3-way w/Hiroto/Mark - Tried same dive... I reached more of max-track
285,1991-02-13,Z-Hills,Casa,RW,3-way w/Hiroto/Mark - No contact - Cannon-ball exit - Got together after 8000 ft.
286,1991-02-13,Z-Hills,Casa,RW,8-way - 4 points
287,1991-02-16,Z-Hills,Casa,RW,"3-way w/Hiroto/Mark - H-man and Mark 2-way. I attempted to leg dock Mark, funneled him! Mark 2-way, H-man leg dock."
288,1991-02-16,Z-Hills,Casa,RW,8-way
289,1991-02-16,Z-Hills,Casa,RW,2-way w/Mark - Camera Jump. H-man took pictures - We'll see how they turn out!
290,1991-03-16,Pepperell,Cessna 205,Hop and Pop,
291,1991-03-16,Pepperell,Cessna 205,Hop and Pop,
292,1991-03-16,Pepperell,Cessna 205,Hop and Pop,
293,1991-03-17,Pepperell,Cessna 205,RW,4-way w/Mark/Dee/HW - 2 points
294,1991-03-17,Pepperell,Cessna 182,RW,4-way w/Mark/Hiroto/Ratt - Got round after funnel!
295,1991-03-17,Pepperell,Cessna 205,RW,"4-way w/Hiroto/Mark/Ratt - Hiroto stole Mark's air, Mark & I funneled, Mark and I got together, Ratt stole my air, but held 2 two-ways."
296,1991-03-17,Pepperell,Cessna 205,RW,Zoo 9-way - My slot taken by Bob. I lurked as it funneled. Mark sprained his ankle.
297,1991-03-31,Pepperell,Cessna 205,RW,5-way w/Tim/Lou/Roger/JoeB - Free-flew round.
298,1991-03-31,Pepperell,Cessna 205,RW,2-way w/Scott - Cats and compressed accordions. Tried to take cat off.
299,1991-03-31,Pepperell,Cessna 205,RW,4-way w/Tom/Scott/Hiroto - 2 points
300,1991-04-06,Pepperell,Cessna 205,RW,4-way w/TomS/BobM/Dave? - 2 points
301,1991-04-06,Pepperell,Cessna 205,RW,4-way w/Wick/BobM/TomS - 4 points
302,1991-04-06,Pepperell,Cessna 205,RW,3-way w/BobM/TomS - 7 points
303,1991-04-06,Pepperell,Cessna 205,RW,4-way w/JoeB/HW/Sam - 5 points
304,1991-04-07,Turners Falls,Cessna 182,JM,"Derek - DRCP, Brian - DRCP, Emily - S/L"
305,1991-04-07,Turners Falls,Cessna 206,RW,6-way w/PK/Heather/Tim/Steve/Kris - Good 2-way with PK!
306,1991-04-07,Turners Falls,Cessna 206,RW,3-way w/PK/Todd - 3 points
307,1991-04-07,Turners Falls,Cessna 206,RW,4-way w/PK/Joyce/Todd - 2 points
308,1991-04-12,Pepperell,Cessna 205,RW,4-way w/Scott/Ratt - Started to go to 4-way.
309,1991-04-12,Pepperell,Cessna 205,RW,"4-way w/Tim/Scott - Free-flew to round, then line (sunset - but not much time!)"
310,1991-04-13,Turners Falls,Cessna 206,JM,"Dan - DRCP, Debra - DRCP"
311,1991-04-13,Turners Falls,Cessna 206,JM,"Sean - FJC, Debra - DRCP, Dan - 5 second, Shaun - 15 second"
312,1991-04-13,Turners Falls,Cessna 206,RW,3-way w/Hiroto/Steve
313,1991-04-14,Turners Falls,Cessna 206,RW,3-way w/PK/Jane - 3 points
314,1991-04-14,Turners Falls,Cessna 206,RW,5-way w/Leon/Meredith/Jane/Todd - 3 points
315,1991-04-14,Turners Falls,Cessna 182,JM,Shaun - 15 second
316,1991-04-14,Turners Falls,Cessna 182,JM,"Derek - DRCP, Shaun - 15 second"
317,1991-04-14,Turners Falls,Cessna 206,JM,Shaun - 30 second
318,1991-04-14,Turners Falls,Cessna 206,RW,6-way w/Toad/Jane/PK/Todd/Al - 1 point
319,1991-04-19,Pepperell,Cessna 205,RW,3-way - 5 points
320,1991-04-19,Pepperell,Cessna 205,RW,5-way w/Ratt/Sally/Mike/Hiroto - 2 points
321,1991-04-19,Pepperell,Cessna 205,RW,2-way w/Diane - 3 points
322,1991-04-20,Turners Falls,Cessna 206,CRW,CRW w/Q/PK/Joyce - bi-plane + down-plane w/Q
323,1991-04-20,Turners Falls,Cessna 206,JM,"Pete - DRCP, Dave - FJC, Craig - FJC, Rich - FJC"
324,1991-04-20,Turners Falls,Cessna 206,JM,"Chris - FJC, Sean - FJC, Ethan - FJC, Vinnie - FJC"
325,1991-04-23,Pepperell,Cessna 205,RW,2-way w/Hiroto - 6 points
326,1991-04-23,Pepperell,Cessna 205,Tandem,"Served as practice tandem student for Tim - spinner on opening, but recovered!"
327,1991-04-24,Pepperell,Cessna 205,RW,3-way w/Diane/Jose
328,1991-04-24,Pepperell,Cessna 205,RW,4-way w/Diane/Jose/Ratt - 1 point
329,1991-04-25,Pepperell,Cessna 205,RW,3-way w/Hiroto/Tim - 3 points
330,1991-04-25,Pepperell,Cessna 205,RW,4-way w/Tim/Dee/Hiroto - 6 points
331,1991-04-25,Pepperell,Cessna 205,RW,5-way w/Hiroto/HW/Tim/Dee - 2 points
332,1991-04-26,Pepperell,Cessna 205,RW,5-way
333,1991-04-26,Pepperell,Cessna 205,RW,5-way w/Scott/Di/Tom/Scott - 2 points
334,1991-04-27,Turners Falls,Cessna 206,JM,"Aldo - DRCP, Debra - DRCP, Dave - 5 second, Dan - 10 second"
335,1991-04-27,Turners Falls,Cessna 206,JM,"Debra - FFF (beer!), Dan - 10 second, Dave - 10 second, Shaun - 30 second"
336,1991-04-27,Turners Falls,Cessna 206,JM,Shaun - 30 second
337,1991-04-28,Turners Falls,Cessna 206,JM,"JP - S/L, Derek - 5 second, Brian - 10 second, Shaun - 45 second"
338,1991-04-28,Turners Falls,Cessna 206,JM,Shaun - 45 second
339,1991-04-28,Turners Falls,Cessna 206,RW,4-way w/Greg/Dean/Vikki - 3 points
340,1991-04-28,Turners Falls,Cessna 206,RW,9-way w/PK/Jay/Al/Heather/Skip/Leslie/Jim/Tooth - 1 point
341,1991-05-01,Pepperell,Cessna 205,CRW,2-way CRW w/Hiroto - bi-plane + down-plane - I pinned H-man after 4000 feet!
342,1991-05-01,Pepperell,Cessna 205,RW,5-way w/HW/Wich + CRW w/Wich - bi-plane - got kind of funky
343,1991-05-01,Pepperell,Cessna 205,RW,5-way w/Q + CRW w/Q - bi-plane + down-plane
344,1991-05-04,Turners Falls,Cessna 206,RW,5-way w/Jack/Hiroto/PK/Jim - 3 points - way cool dive
345,1991-05-04,Turners Falls,Cessna 206,RW,6-way w/BobM/Hiroto/Jim/Jack
346,1991-05-04,Turners Falls,Cessna 206,RW,2-way w/Shaun - 2 points
347,1991-05-04,Turners Falls,Cessna 206,RW,5-way w/HW/John/Bob/Shaun
348,1991-05-05,Turners Falls,Cessna 206,RW,2-way w/Shaun - 3 points
349,1991-05-05,Turners Falls,Cessna 206,JM,"Carl - DRCP, KD - S/L, Glenn - FJC, Matt - FJC"
350,1991-05-05,Turners Falls,Cessna 206,RW,3-way w/Diane/Shaun - other group landed off (I spotted - sorry!)
351,1991-05-10,Pepperell,Twin Otter,RW,5-way - 1 point
352,1991-05-10,Pepperell,Twin Otter,RW,"12-way - I was low, real low."
353,1991-05-11,Pepperell,Twin Otter,RW,5-way w/Dean/Scott/Hiroto/Martin - 1 point
354,1991-05-11,Pepperell,Twin Otter,RW,4-way w/Tim/Dean/Hiroto - 2 points
355,1991-05-11,Pepperell,Twin Otter,RW,8-way w/Scott - 3 points
356,1991-05-11,Pepperell,Twin Otter,RW,12-way w/Ratt/Tooth/Bob/Dick/Veronica/Hiroto/Sam/Zak - 1 point
357,1991-05-12,Pepperell,Twin Otter,RW,10-way - 1 point
358,1991-05-12,Pepperell,Twin Otter,RW,7-way - 1 point
359,1991-05-16,Pepperell,Cessna 205,RW,4-way w/Ann/Hiroto/Dave - 3 points
360,1991-05-16,Pepperell,Cessna 205,RW,5-way w/Di/Tony/HW/Hiroto - 1 point
361,1991-05-18,Lebanon,Twin Otter,RW,7-way w/Dean/Carl/Olaf
362,1991-05-18,Lebanon,Twin Otter,RW,9-way w/Di/Dean/Mick/Olaf
363,1991-05-18,Lebanon,Twin Otter,RW,6-way w/Carl/Olaf/Dean/Vikki
364,1991-05-18,Lebanon,Twin Otter,RW,5-way w/Carl/Olaf/Dean - Horny Gorilla (and other incomplete points)
365,1991-05-19,Lebanon,Twin Otter,RW,4-way w/Olaf/Carl/Dean - 4 points - Ad-lib dive! Not slot perfect
366,1991-05-19,Lebanon,Twin Otter,RW,4-way w/Olaf/Dean/Carl - 5 points
367,1991-05-19,Lebanon,Twin Otter,RW,4-way w/Olaf/Dean/Carl - 3 points
368,1991-05-19,Lebanon,Twin Otter,RW,8-way w/Carl/Vikki/Hiroto
369,1991-05-25,Pepperell,Twin Otter,RW,6-way - Cloud round!
370,1991-05-25,Pepperell,Twin Otter,RW,3-way w/Ann - Bail out at 5000 (clouds)
371,1991-05-25,Pepperell,Twin Otter,RW,16-way for Pete Wolfe's birthday (30)
372,1991-05-26,Pepperell,Twin Otter,RW,3-way w/ Gary/Joyce - 5 points?
373,1991-05-26,Pepperell,Twin Otter,RW,20-way
374,1991-05-26,Pepperell,Twin Otter,RW,17-way w/Tom/Pete/Marianne
375,1991-06-01,Pepperell,Cessna 182,RW,4-way w/Tom/Ann/Richard
376,1991-06-01,Pepperell,Cessna 205,RW,4-way w/Norman/Jackie/Olaf - 2 points
377,1991-06-01,Pepperell,Cessna 182,RW,4-way w/HW/Jackie/Olaf - 2 points
378,1991-06-01,Pepperell,Twin Otter,RW,11-way w/Dan/Richard/Kevin/Olaf/Jackie
379,1991-06-02,Turners Falls,Cessna 182,RW,4-way - 4 points
380,1991-06-02,Turners Falls,Cessna 206,JM,Dave - 15 second
381,1991-06-02,Turners Falls,Cessna 182,JM,"Alex - DRCP, Dave - 30 second"
382,1991-06-02,Turners Falls,Cessna 182,JM,"Marshal - FJC, Alex - FF + 2-way w/Rick"
383,1991-06-02,Turners Falls,Cessna 206,RW,10-way (formation load) w/Jane/Tooth/Wich/EJ - 1 point - Ya-Hoo!
384,1991-06-07,Pepperell,Cessna 205,RW,4-way w/Hiroto/DennisSr
385,1991-06-07,Pepperell,Cessna 205,RW,4-way w/Di/Hiroto/Dave - 4 points
386,1991-06-07,Pepperell,Cessna 205,RW,4-way - 4 points
387,1991-06-08,Turners Falls,Cessna 206,RW,"Mr. Bill w/Dean - Ouch! Really unsuccessful! Dean had hard pull and no leg grips. I tried to hold on, but too fast. We're talking numb hands and sore arm! ""Dean almost died, tangled in risers"" -Dean"
388,1991-06-08,Turners Falls,Cessna 206,RW,6-way - 1 point
389,1991-06-08,Turners Falls,Cessna 206,RW,4-way w/Dean/Hiroto/Jack - 4 points
390,1991-06-09,Turners Falls,Cessna 182,RW,4-way w/Dean/Hiroto/Vikki - 2 points
391,1991-06-09,Turners Falls,Cessna 182,RW,Excellent 4-way w/Dean/Vikki/Hiroto - 7 points
392,1991-06-09,Turners Falls,Cessna 206,JM,Mark - DRCP + 4-way w/Hiroto/Vikki/Dean - 1 point
393,1991-06-09,Turners Falls,Cessna 206,RW,6-way w/Hiroto - 1 point
394,1991-06-09,Turners Falls,Cessna 182,RW,10-way (formation load) w/Joyce/Vikki/Todd/Graham/PK/Jay/Toad/Dean/Hiroto
395,1991-06-14,Pepperell,Cessna 182,RW,4-way w/Bob/Richard - 2 points
396,1991-06-14,Pepperell,Cessna 205,RW,5-way w/HW/Vikki/Jim/Dean - 2 points
397,1991-06-14,Pepperell,Cessna 182,RW,3-way w/Dean/Di - 3 points
398,1991-06-15,Turners Falls,Cessna 206,RW,3-way w/Jim/Brian - 2 points
399,1991-06-15,Turners Falls,Cessna 206,RW,6-way - Had to get out at 6000 - clouds - Nothing built except Masaki / Vikki 2-way - Masaki reserve ride!
400,1991-06-15,Turners Falls,Cessna 206,RW,6-way w/Brian/Steve/Jim/Dean/Al - Jungle!
401,1991-06-15,Turners Falls,Cessna 206,RW,6-way w/Brian/Steve/Jim/Dean/PK - Pre-storm Jungle... Almost smooth dock with Brian when Dean swoops in!
402,1991-06-15,Turners Falls,Cessna 206,RW,6-way - 2 points
403,1991-06-20,Pepperell,Cessna 182,RW,4-way w/Cush/Dee/Hiroto - 6 points
404,1991-06-20,Pepperell,Cessna 182,RW,3-way w/Cush/Hiroto - 12 points
405,1991-06-20,Pepperell,Cessna 182,RW,3-way w/Cush/Hiroto - 4 points
406,1991-06-22,CPI,Twin Otter,RW,5-way w/Marianne/Dean - Good kiss!
407,1991-06-22,CPI,Twin Otter,RW,7-way - Not quite!
408,1991-06-22,CPI,Twin Otter,RW,7-way w/Tooth/Bobert/Wich/Tania/Dean/Olaf - Funnel!
409,1991-06-22,CPI,Twin Otter,RW,"3-way - Well, got a couple rounds... silly - Tried Robo-Z - fun!"
410,1991-06-22,CPI,Twin Otter,RW,4-way - 2 points - Exit recovered amazingly!
411,1991-06-23,CPI,Twin Otter,RW,3-way w/Dean/Olaf
412,1991-06-23,CPI,Twin Otter,RW,7-way w/Olaf/Marianne/Julianne/Mike/Hiroto/Dean - 2 points
413,1991-06-23,CPI,Twin Otter,RW,4-way w/Hiroto/Dean/Olaf - 8 points
414,1991-06-23,CPI,Twin Otter,RW,4-way w/Hiroto/Dean/Olad - 6 points
415,1991-06-23,CPI,Twin Otter,RW,"4-way - From there, it was occasional bi-pole attempts, funnels, confusion, etc."
416,1991-06-23,CPI,Twin Otter,RW,Sunset 15-way w/Hiroto - 1 point
417,1991-06-26,Pepperell,Twin Otter,RW,4-way w/Hiroto/Cush/Dean - 4 points
418,1991-06-26,Pepperell,Cessna 205,RW,3-way w/Q/Hiroto - 3 points + CRW w/Q/Hiroto - bi-planes + down-plane
419,1991-06-26,Pepperell,Cessna 182,RW,4-way w/Hiroto/Q/HW - 6 points
420,1991-06-29,Turners Falls,Cessna 206,RW,4-way w/Jack/Brian/Wich
421,1991-06-29,Turners Falls,Cessna 206,RW,3-way w/Rick/Dean - Landed off!
422,1991-06-29,Turners Falls,Cessna 206,JM,"Mike - FJC, Randy - FJC, Steve - FJC, Larry - FJC"
423,1991-06-30,Turners Falls,Cessna 206,JM,Alex - 30 sec
424,1991-06-30,Turners Falls,Cessna 206,JM,"Steve - FJC, Mike - FJC, Dave - S/L, Gary - FJC"
425,1991-06-30,Turners Falls,Cessna 206,JM,"Doreen - FJC, Fred - FJC + 4-way w/Jim/Joyce/PK - 5 points"
426,1991-07-04,Lebanon,Twin Otter,RW,10-way w/CarlDaugherty
427,1991-07-04,Lebanon,Twin Otter,RW,12-way - Base never built. Silly.
428,1991-07-04,Lebanon,Twin Otter,RW,12-way - 2 points - Dean's 100th jump - Beer!
429,1991-07-09,Pepperell,Cessna 205,RW,5-way w/Dee/Mike/Dave/JohnLuke
430,1991-07-09,Pepperell,Cessna 205,RW,5-way w/Jose/AnneMarie/Dee/Hiroto - 3 points
431,1991-07-09,Pepperell,Cessna 205,RW,Funneled 3-way
432,1991-07-10,Pepperell,Cessna 205,RW,4-way w/Hiroto/Mark/Marianne - 4 points (2nd was a Horny Gorilla!)
433,1991-07-10,Pepperell,Cessna 182,RW,Hot 3-way! w/AnneMarie/Wes - 6 points
434,1991-07-12,Pepperell,Cessna 182,RW,3-way w/Mike/Brian - 4 points
435,1991-07-12,Pepperell,Cessna 182,RW,4-way w/Bob/Mike/Dave
436,1991-07-12,Pepperell,Cessna 182,RW,4-way w/Dave/Mike/HW - 4 points
437,1991-07-14,Turners Falls,Cessna 206,RW,"6-way w/Kenny/Dean/Jay/Brian/Steve - Great ""chunk"" exit!"
438,1991-07-14,Turners Falls,Cessna 206,Static Line,Static line for JM practice - Did a reversed arch as an FJC student - Now I know what happens! I felt lines around my helmet! I was able to trash the Manta with a couple wraps.
439,1991-07-15,Pepperell,Cessna 182,RW,4-way w/Carl/Lou/Dean - 3 points
440,1991-07-15,Pepperell,Cessna 182,RW,4-way w/Carl/Dean/Richard - 3 points
441,1991-07-15,Pepperell,Cessna 182,RW,3-way w/Dean/Howard - 3 points
442,1991-07-17,Pepperell,Cessna 182,RW,4-way w/George/Marianne/Olaf - 2 points
443,1991-07-17,Pepperell,Cessna 182,RW,4-way w/George/Marianne/Olaf
444,1991-07-20,Pepperell,Cessna 182,CRW,4-way CRW w/Q/Wendy/Randy - 4-plane + bi-plane w/Q + down-plane
445,1991-07-20,Pepperell,Cessna 206,CRW,4-way CRW w/Q/Wendy/Randy - 4-plane + down-plane w/Q
446,1991-07-20,Pepperell,Cessna 182,CRW,Attempted 11-plane w/Jim
447,1991-07-21,Pepperell,Cessna 182,RW,4-way w/Shireen - 10 points
448,1991-07-21,Pepperell,Cessna 182,CRW,4-way CRW w/Q - bi-plane + down-plane
449,1991-07-21,Pepperell,Cessna 182,CRW,4-way CRW w/Q/Dave/Shireen - 4-plane + 4-plane + 4-plane + 3-plane w/Q/Shireen
450,1991-07-24,Pepperell,Twin Otter,RW,10-way w/Eddie/Vikki/Dave/Randy/Hiroto/Tooth - 1 point
451,1991-07-24,Pepperell,Twin Otter,RW,8-way w/HW/Randy/Peeker/Hiroto - 2 points
452,1991-07-24,Pepperell,Cessna 182,CRW,2-way CRW w/Hiroto
453,1991-08-03,The Ranch,Twin Otter,RW,14-way w/Vikki/Toad - 1 point
454,1991-08-04,The Ranch,Twin Otter,RW,10-way low Jungle
455,1991-08-07,Pepperell,Cessna 205,RW,5-way no-contact w/BobG/John/Brian/Todd - Bob changed fall rate; we chased.
456,1991-08-07,Pepperell,Cessna 205,RW,5-way w/John/Jim/Dan/Brian
457,1991-08-07,Pepperell,Cessna 205,RW,4-way w/Jim/Chris/Dan - 1 point
458,1991-08-07,Pepperell,Cessna 182,RW,4-way w/Olaf/HW/Chris - 3 points
459,1991-08-10,Turners Falls,,RW,4-way w/Jay/Jack/PK - Tried to take stair-step off.
460,1991-08-10,Yankee Picnic,Cessna 182,RW,"Demo! Gary, Tooth, Jay and I took a 4-way round off and landed at Yankee NH Nuclear power plant picnic (not at plant!)."
461,1991-08-10,Turners Falls,Cessna 206,RW,5-way w/Jane/PK/Tooth/Joanne - Finally got round.
462,1991-08-10,Turners Falls,Cessna 206,RW,3-way w/PK/Joanne - 2 points - Good KP!
463,1991-08-11,Turners Falls,Cessna 182,JM,Mike - 5 second + 3-way w/Dave/Brian
464,1991-08-11,Turners Falls,Cessna 182,JM,"Dick - S/L, Mike - 10 second + 2-way w/SteveJackson -  2 points"
465,1991-08-11,Turners Falls,Cessna 206,RW,4-way w/Steve/Arthur/Ron - Pretty crazy dive!
466,1991-08-11,Turners Falls,Cessna 206,RW,9-way (formation load)
467,1991-08-17,Lebanon,Twin Otter,RW,20-way - 1 point
468,1991-08-17,Lebanon,Twin Otter,RW,28-way
469,1991-08-17,Lebanon,Twin Otter,RW,18-way - 1 point
470,1991-08-17,Lebanon,Twin Otter,RW,"15-way - 4 points - ended with 15-way ""O"""
471,1991-08-18,Sanford Airshow,Twin Otter,RW,20-way w/Mary/Josh - 1 point
472,1991-08-18,Sanford Airshow,Twin Otter,RW,"2-way w/Hiroto - Got to 11,500 (for 9-way) - then had to descend for clouds."
473,1991-08-18,Lebanon,Twin Otter,Hop and Pop,"2,000' H+P returning from Airshow."
474,1991-08-24,Turners Falls,Cessna 206,JM,Dan - 45 second
475,1991-08-24,Turners Falls,Cessna 206,JM,"Rich - FJC, Mike - FJC, Lori - FJC"
476,1991-08-25,Turners Falls,Cessna 206,RW,5-way w/Joanne/PK/Joyce/Mary - 1 point
477,1991-08-25,Turners Falls,Cessna 206,JM,Butch - DRCP (Hiroto practice JM)
478,1991-08-25,Turners Falls,Cessna 206,JM,"Butch - FFF - Beer! (Hiroto practice JM), Gene - FF (Hiroto practice JM), Mike - 10 second (Jack practice JM)"
479,1991-08-25,Turners Falls,Cessna 206,JM,"Estee' - DRCP, Gene - 5 second, Mike - 10/15 second"
480,1991-08-25,Turners Falls,Cessna 182,JM,Estee' - FFF - Beer! (Steve practice JM)
481,1991-08-25,Turners Falls,Cessna 182,JM,Debbie - 10 second (Steve practice JM)
482,1991-08-30,The Herd,Caribou,RW,6-way w/Joyce/Hiroto/PK/Toad/Jim - 5 points
483,1991-08-30,The Herd,Caribou,RW,6-way w/Joyce/Hiroto/PK/Toad/Jim - 4 points
484,1991-08-30,The Herd,Caribou,RW,5-way - Brain-lock spider dive - 7 points
485,1991-08-30,The Herd,Caribou,RW,6-way - 3 points
486,1991-08-31,The Herd,Caribou,RW,6-way - 3 points
487,1991-08-31,The Herd,Twin Otter,RW,6-way - 4 points
488,1991-08-31,The Herd,Caribou,RW,8-way w/Don/Randy - 3 points
489,1991-09-01,The Herd,Caribou,RW,7-way w/Blakey - 1 point
490,1991-09-01,The Herd,Twin Otter,RW,9-way w/Blakey - 3 points
491,1991-09-01,The Herd,Caribou,RW,13-way w/Blakey
492,1991-09-01,The Herd,Caribou,RW,8-way w/Blakey - 5 points
493,1991-09-01,The Herd,Caribou,RW,8-way - 2 points
494,1991-09-02,The Herd,Twin Otter,RW,7-way - 1 point
495,1991-09-02,The Herd,Caribou,RW,8-way w/Mari/Hiroto/Blakey - 2 points
496,1991-09-02,The Herd,Caribou,RW,9-way w/DaveDeWolf - 4 points
497,1991-09-02,The Herd,Caribou,RW,7-way w/DaveDeWolf/Joyce/PK - 5 points
498,1991-09-07,Turners Falls,Cessna 182,JM,"Bill - S/L, John - S/L, Pail - S/L"
499,1991-09-08,Turners Falls,Cessna 182,RW,"4-way w/PK/Lindsey/Dave - Almost pulled off 4-way, but PK (Ha Ha) flipped over. Never really got 4-way. PK and I did not get CRW. Oh well!"
500,1991-09-08,Turners Falls,Cessna 182,RW,4-way w/Hiroto/Brian/Lindsey - Funnels!
501,1991-09-14,Turners Falls,Cessna 182,Hop and Pop,Scud run - Line Twists!
502,1991-09-14,Turners Falls,Cessna 182,RW,4-way w/Randy/Tim/Lisa - 1 point
503,1991-09-14,Turners Falls,Cessna 182,JM,"Larry - FJC, Marnie - FJC, Susan - FJC"
504,1991-09-21,Turners Falls,Cessna 182,RW,4-way w/Tania/Carl/Meredith - 2 points
505,1991-09-21,Turners Falls,Cessna 182,RW,"2-way w/Shawn - Shawn was to dock on side, cat, side, star, etc. after 2-way launch. Shawn got 1st side, then kept going a little floaty - good practice"
506,1991-09-21,Turners Falls,Cessna 182,RW,4-way w/Meredith/Carl/Hiroto - Great Horny Gorilla and Pinwheel - we did leg-locks on HG.
507,1991-09-29,Turners Falls,Cessna 182,JM,"Nicole - FJC, Kristy - DRCP, Mike - 30 second"
508,1991-09-29,Turners Falls,Cessna 182,RW,4-way w/Lindsey/Brian/Greg - 3 points
509,1991-09-29,Turners Falls,Cessna 182,RW,4-way w/Lindsey/Derek/Brian - 1 point
510,1991-10-22,Pepperell,Cessna 205,RW,Chased a Rodeo w/Hiroto/Mark/Rich/Shell
511,1991-10-22,Pepperell,Cessna 205,Hop and Pop,Emergency Exit - Elec fire (sounds worse than it was).
512,1991-10-23,Pepperell,Cessna 205,RW,5-way w/Hiroto/Dave/Rich/Bob - 4 points
513,1991-10-23,Pepperell,Cessna 205,RW,5-way w/Hiroto/Dave/Don/Scott - Almost!
514,1991-10-24,Pepperell,Cessna 205,RW,"4-way w/Derek/Hiroto/Bill - Derek, H-man & I got open 3-way after much zooming."
515,1991-10-24,Pepperell,Cessna 205,RW,4-way w/Dick/Hiroto/FKSteve - 3 points
516,1991-10-26,Turners Falls,Cessna 182,JM,"Sandy - DRCP, Mel - DRCP, Jeff - FF"
517,1991-10-26,Turners Falls,Cessna 182,JM,"Bob - FJC, Bill - FJC, George - FJC"
518,1991-10-26,Turners Falls,Cessna 182,JM,"Jeff - 5 second, Bill - 30 second - 1st pin!"
519,1991-10-26,Turners Falls,Cessna 182,RW,8-way w/Carl/Tania/PK/Bob/Hiroto - Had a 7-way before Bob surprised us
520,1991-10-27,Turners Falls,Cessna 182,RW,4-way w/Jack/Diane/FKSteve - 2 points
521,1991-10-27,Turners Falls,Cessna 182,RW,4-way w/Jack/Diane/FKSteve - 1 point
522,1991-10-27,Turners Falls,Cessna 182,RW,4-way w/Jack/Q/Mary + CRW w/Q - bi-plane + bi-plane + down-plane

523,1991-11-29,Pepperell,Cessna 182,RW,4-way w/JD/Hiroto/Scott - 3 points - Landed in a nice big field!
524,1991-11-29,Pepperell,Cessna 182,RW,4-way - 5 points
525,1991-11-29,Pepperell,Cessna 182,RW,"3-way w/Scott/John - 3 points - free-flown star, backloop, star - ya-hoo!"
526,1991-12-28,Pepperell,Cessna 182,RW,4-way w/Mark/Hiroto - 1 point
527,1991-12-28,Pepperell,Cessna 182,RW,4-way w/Scott/Hiroto - 4 points
528,1992-02-16,Pepperell,Cessna 182,Hop and Pop,Solo - Yee ha!
529,1992-02-16,Pepperell,Cessna 185,RW,3-way w/Brian/Hiroto - 4 points
530,1992-04-04,Pepperell,Cessna 185,RW,2-way w/Mike - pull high
531,1992-04-04,Pepperell,Cessna 182,RW,3-way w/Hiroto/John - 9 points
532,1992-04-04,Pepperell,Cessna 182,RW,4-way w/Hiroto/John/Tom - Not as good as last!
533,1992-04-07,Pepperell,Cessna 182,RW,3-way w/Edie/Tom
534,1992-04-07,Pepperell,Cessna 182,RW,3-way w/Mark - funnel exit!
535,1992-04-07,Pepperell,Cessna 182,RW,4-way w/HW/Mark - Mystery dive - still a mystery!
536,1992-04-10,Pepperell,Cessna 182,RW,4-way w/Tim/Paula/Freddie - 4 points
537,1992-04-15,Pepperell,Cessna 182,RW,4-way w/Jim/Jim/Marc - Good funnel Jim/Jim!
538,1992-04-15,Pepperell,,RW,4-way w/Dean/Olaf/Carl
539,1992-04-18,Turners Falls,Cessna 182,Hop and Pop,Yucky weather!
540,1992-04-18,Turners Falls,Cessna 182,Hop and Pop,Same (yucky weather)!
541,1992-04-18,Turners Falls,Cessna 182,JM,"Hard opening ! - Dan - FJC, Steve - DRCP, Paul - DRCP"
542,1992-04-20,Pepperell,Cessna 182,RW,4-way w/Marianne/Frank - 7 points
543,1992-04-20,Pepperell,Cessna 205,RW,5-way w/Mike/Ann/Wes/Hiroto
544,1992-05-06,Pepperell,Cessna 182,RW,H-man backing (attempt)
545,1992-05-06,Pepperell,Cessna 182,RW,4-way w/Ratt/FKSteve/Hiroto - 5 points
546,1992-05-09,Turners Falls,,Hop and Pop,Solo (Bonnie practice JM)
547,1992-05-09,Turners Falls,Cessna 182,JM,"Scott - FJC, Eric - FJC, Rachel - FJC"
548,1992-05-09,Turners Falls,Cessna 182,JM,"Scott - DRCP, Rob - DRCP, Stacy - FJC"
549,1992-05-14,Pepperell,Twin Otter,RW,8-way - Got round
550,1992-05-14,Pepperell,Twin Otter,RW,10-way - 1 point
551,1992-05-14,Pepperell,Twin Otter,RW,14-way - Almost
552,1992-05-16,Pepperell,Twin Otter,RW,8-way w/Carl - got round
553,1992-05-16,Pepperell,Twin Otter,RW,9-way w/Ponce - 4 points
554,1992-05-17,Turners Falls,Cessna 182,RW,4-way w/Leslie/PK - Took off stair step
555,1992-05-17,Turners Falls,Cessna 182,RW,3-way w/Bonnie/Steve - Round to backin
556,1992-05-17,Turners Falls,Cessna 182,JM,JM'd SULLY! + 3-way w/Rick - Rick not got down.
557,1992-05-17,Turners Falls,Cessna 182,RW,8-way (formation load) - 2 points
558,1992-05-17,Turners Falls,,JM,JM'd Sully on H+P + 3-way w/Joanne/Steve - backing - 4 points
559,1992-05-21,Pepperell,Twin Otter,RW,11-way - Lots o' low people
560,1992-05-21,Pepperell,Twin Otter,RW,12-way
561,1992-05-25,Pepperell,Cessna 182,RW,5-way w/Toad/Hiroto/HW/FKSteve - 3 points
562,1992-05-29,Pepperell,Twin Otter,RW,5-way w/PK/Joanne/Hiroto/Derek - 3 points
563,1992-05-29,Pepperell,Twin Otter,RW,5-way w/PK/Joanne/Hiroto/Derek
564,1992-05-29,Pepperell,Twin Otter,RW,Hot 4-way (NOT) w/Joanne/PK/Hiroto
565,1992-05-30,School in Gill,Cessna 182,Hop and Pop,DEMO into school thing
566,1992-05-30,Turners Falls,Cessna 182,RW,8-way (formation load) - 1 point
567,1992-05-30,Turners Falls,Cessna 182,RW,4-way w/PK/Chick/Tania - 3 points
568,1992-05-30,Turners Falls,Cessna 182,RW,7-way (formation load) - 1 point
569,1992-06-04,Pepperell,Twin Otter,RW,4-way w/Ponce/Zak/Derek - 8 points
570,1992-06-04,Pepperell,Cessna 182,RW,5-way w/Roger/Tim/Joe/Zak - 8 points
571,1992-06-17,Pepperell,Twin Otter,RW,11-way w/Hiroto
572,1992-06-17,Pepperell,Twin Otter,RW,4-way w/Jim/Olaf/Carl - 16 points
573,1992-06-17,Pepperell,Twin Otter,RW,13-way w/Hiroto
574,1992-06-23,Pepperell,Cessna 205,RW,5-way w/FKSteve/Carl/Hiroto/Olaf - 5 points
575,1992-06-23,Pepperell,Cessna 182,RW,4-way w/Fallvergnuegen - Wicked funny!
576,1992-06-26,Pepperell,Cessna 182,RW,Launch bi-pole
577,1992-06-26,Pepperell,Twin Otter,RW,6-way w/Jim/Olaf/Carl/Greg - 4 points
578,1992-06-26,Pepperell,Twin Otter,RW,6-way - 4 points
579,1992-06-26,Pepperell,Twin Otter,CRW,4-way CRW w/Hiroto/Q - HA HA!
580,1992-07-02,Pepperell,Twin Otter,RW,6-way w/Roger - 8 points
581,1992-07-02,Pepperell,Twin Otter,RW,14-way w/Roger
582,1992-07-02,Pepperell,Twin Otter,RW,14-way - 2 points
583,1992-07-07,Pepperell,Cessna 182,RW,3-way w/FKSteve/Jim - 12 points
584,1992-07-07,Pepperell,Cessna 182,RW,4-way w/Jim/FKSteve - ~9 points
585,1992-07-11,Turners Falls,Cessna 182,RW,4-way w/KenMac/Toma/Todd - 6 points
586,1992-07-11,Turners Falls,Cessna 206,RW,6-way w/Scott/Todd/Steve/Derek/Brian - Big time funnel - 2 points
587,1992-07-11,Turners Falls,Cessna 182,RW,4-way w/Jim
588,1992-07-11,Turners Falls,Cessna 206,JM,"Kirin - S/L, Frankie - FJC, Jim - FJC, Jodi - FJC (latter 2 are father/daughter)"
589,1992-07-11,Turners Falls,Cessna 182,JM,"Gary - FJC, John(?) - FJC"
590,1992-07-11,Turners Falls,Cessna 206,RW,3-way night jump w/Joanne/Tania - open accordion - Pretty fun!
591,1992-07-18,Pepperell,Twin Otter,RW,7-way - combat RW
592,1992-07-18,Pepperell,Twin Otter,RW,6-way w/Fred/Olaf/Lindsey/Steve/Raser - 3 points
593,1992-07-18,Pepperell,,RW,6-way - !!
594,1992-07-18,Pepperell,,RW,12-way
595,1992-07-18,Pepperell,,RW,"12-way ""roof"" - Did not make it to roof (one of 6). - Nice swoop! - Big round"
596,1992-07-25,Turners Falls,Caribou,RW,8-way
597,1992-07-25,Turners Falls,Caribou,RW,6-way - 4 points
598,1992-07-25,Turners Falls,Caribou,RW,13-way
599,1992-07-25,Turners Falls,Caribou,RW,Lisa's Tandem! - Followed Lisa (Toma) on Tandem. Dock and kiss-pass
600,1992-08-05,Pepperell,Twin Otter,RW,8-way - Funnel exit. I screwed up and ended up low - boo!
601,1992-08-05,Pepperell,Twin Otter,RW,4-way - 9 points
602,1992-08-08,Pepperell,Twin Otter,RW,8-way w/Tom - 1 point
603,1992-08-08,Pepperell,Twin Otter,RW,6-way - 3 points
604,1992-08-08,Pepperell,Twin Otter,RW,7-way - 6 points
605,1992-08-08,Pepperell,Twin Otter,RW,5-way - 4 points - Then hit Otter steps - stupid!
606,1992-08-12,Pepperell,Twin Otter,RW,4-way w/Hiroto/Derek/Scott - 4 points
607,1992-08-12,Pepperell,Twin Otter,RW,4-way - Same dive - Tom rather than Derek - 7 points
608,1992-08-20,Pepperell,Twin Otter,RW,7-way
609,1992-08-20,Pepperell,Twin Otter,RW,"Hoop-dive - ~8 people - I got down there 1st, but flipped over hoop. I went around and made it through this time! (caught legs)"
610,1992-08-22,Pepperell,Twin Otter,RW,6-way
611,1992-08-22,Pepperell,Twin Otter,RW,12-way - 1 point - Sally's 1000th skydive
612,1992-08-22,Pepperell,Twin Otter,RW,14-way w/Ponce - 5 points
613,1992-08-22,Pepperell,Twin Otter,RW,15-way w/Ponce - 5 points
614,1992-08-26,Pepperell,Twin Otter,RW,2-way w/Hiroto - ~10 points - 540 degree turns
615,1992-08-26,Pepperell,Twin Otter,RW,6-way
616,1992-08-30,Pepperell,Twin Otter,RW,3-way
617,1992-08-30,Pepperell,Twin Otter,RW,5-way - 4 points - spider dance
618,1992-08-30,Pepperell,Twin Otter,RW,5-way w/Lindsey/Derek/Hiroto/Brian - 7 points
619,1992-08-30,Pepperell,Twin Otter,RW,5-way w/Lindsey/Derek/Hiroto/Brian - 6 points
620,1992-09-02,Pepperell,Twin Otter,RW,5-way w/Bob/Hiroto/Jim - 8 points
621,1992-09-02,Pepperell,Twin Otter,RW,17-way - 4 diamonds with stinger complete!
622,1992-09-02,Pepperell,Twin Otter,RW,7-way - 6 points
623,1992-09-05,Pepperell,Twin Otter,RW,9-way w/Q/Steve/Dean/Lindsey - 8 in + 4-way CRW
624,1992-09-05,Pepperell,Twin Otter,RW,4-way w/Steve/Lindsey/Dean - Horny Gorilla! Excellent!
625,1992-09-05,Pepperell,Twin Otter,RW,6-way
626,1992-09-09,Pepperell,Twin Otter,RW,9-way - Swoop.
627,1992-09-09,Pepperell,Twin Otter,RW,5-way
628,1992-10-10,Orange,Caribou,RW,9-way
629,1992-10-10,Turners Falls,Caribou,RW,9-way
630,1992-10-11,Orange,Caribou,RW,12-way
631,1992-10-11,Orange,Caribou,RW,3-way w/Bill/Tania
632,1992-10-17,Turners Falls,Cessna 182,RW,4-way w/Todd/Tim - Cold! Over river at 1000!
633,1992-10-18,Turners Falls,Cessna 182,RW,4-way w/PK/Brian/Steve - Cold!
634,1992-10-18,Turners Falls,Cessna 182,RW,4-way w/Tania/Bill/Wich
635,1992-11-27,Pepperell,Cessna 205,RW,5-way
636,1992-11-27,Pepperell,Cessna 205,RW,5-way w/Heather/Rob/Ron/Scott
637,1993-03-27,Turners Falls,Cessna 182,RW,8-way (formation load) w/Tim/Jim/Todd/Jack/Derek/Brian/Al - 1 point
638,1993-04-06,Pepperell,Cessna 205,RW,"5-way w/Tim/Hiroto/Bart/Steve? - Speed star - Bart not in - 360, redock?"
639,1993-04-14,Pepperell,Cessna 205,RW,No contact 3-way w/Hiroto/Brian
640,1993-04-24,Turners Falls,Cessna 182,RW,3-way w/Tim/Todd - 6 points
641,1993-04-24,Turners Falls,Cessna 182,RW,4-way w/CarlB/Brian/Tim
642,1993-04-24,Turners Falls,Cessna 206,RW,5-way w/PK/Brian/Derek/Tim
643,1993-04-24,Turners Falls,Cessna 206,RW,6-way
644,1993-04-24,Turners Falls,Cessna 182,JM,"Brian - DRCP, Todd - DRCP, Chris - 5 second"
645,1993-04-24,Turners Falls,Cessna 206,RW,9-way (formation load) - 1 point - Bovine Demo! This cows were big!
646,1993-04-25,Turners Falls,Cessna 182,RW,3-way w/Todd/Brian - 6 points
647,1993-05-02,Pepperell,Twin Otter,RW,6-way
648,1993-05-02,Pepperell,Twin Otter,RW,6-way
649,1993-05-02,Pepperell,Twin Otter,RW,12-way w/Roger - H-man Video - 4 points
650,1993-05-30,Pepperell,Twin Otter,RW,4-way w/Hiroto/Brian/Derek - 6 points - Comp. dive!
651,1993-05-30,Pepperell,Twin Otter,RW,5-way w/Hiroto/Q/Derek/Rand
652,1993-06-04,Pepperell,Twin Otter,RW,"10-way - Second point funneled - I was flaking, but did not feel like my fault (?)"
653,1993-06-06,Turners Falls,Cessna 182,Hop and Pop,
654,1993-06-06,Turners Falls,Cessna 182,RW,4-way w/Bobert/Derek/TimL
655,1993-06-06,Turners Falls,Cessna 182,RW,4-way w/Tania/Hiroto/TimL
656,1993-06-06,Turners Falls,Cessna 182,CRW,"2-way CRW w/Hiroto - H docked me, Then Sabre Downplane!"
657,1993-06-13,Turners Falls,Cessna 182,RW,4-way w/TimC/Ron/Derek - 2 points (4-way Scrambles)
658,1993-06-13,Turners Falls,Cessna 182,RW,4-way w/TimC/Ron/Derek - 3 points (4-way Scrambles)
659,1993-06-13,Turners Falls,Cessna 182,RW,4-way w/TimC/Ron/Derek - 0 points! (4-way Scrambles)
660,1993-06-13,Turners Falls,Cessna 182,RW,7-way (formation load) - 3 points - on video - No suits.
661,1993-06-17,Pepperell,Twin Otter,RW,4-way w/Hiroto/Jim/ScottH - 10 points
662,1993-06-17,Pepperell,Twin Otter,RW,4-way w/Hiroto/Jim/ScottH - 11 points
663,1993-06-17,Pepperell,Twin Otter,RW,9-way - H-man Video
664,1993-06-24,Pepperell,Twin Otter,RW,4-way w/Scott/Jim/Hiroto - 8 points
665,1993-06-24,Pepperell,Twin Otter,RW,18-way - 1 point
666,1993-06-24,Pepperell,Twin Otter,RW,4-way w/Scott/Hiroto/Jim - 13 points
667,1993-06-27,Pepperell,Twin Otter,RW,8-way w/Roger
668,1993-06-27,Pepperell,Twin Otter,RW,10-way w/Roger/Scott/Hiroto
669,1993-06-27,Pepperell,Twin Otter,RW,8-way w/Roger/Scott/Hiroto/Brendan
670,1993-06-27,Pepperell,Twin Otter,RW,4-way w/Hiroto/Scott/Brendan - 10 points
671,1993-07-01,Pepperell,Twin Otter,RW,10-way w/Roger
672,1993-07-01,Pepperell,Twin Otter,RW,10-way w/Roger
673,1993-07-01,Pepperell,Twin Otter,RW,13-way - Star Wars
674,1993-07-04,Pepperell,Twin Otter,RW,5-way - 7 points
675,1993-07-05,Pepperell,Twin Otter,RW,Hot 4-way w/Hiroto/Scott
676,1993-07-05,Pepperell,Twin Otter,RW,Hot 4-way w/Hiroto/Scott/Brendan
677,1993-07-05,Pepperell,Twin Otter,RW,Hot 4-way
678,1993-07-05,Pepperell,Twin Otter,RW,Hot 4-way
679,1993-07-05,Pepperell,Twin Otter,RW,28-way! w/Scott - 2 points!
680,1993-07-18,Pepperell,Twin Otter,RW,5-way w/HW/PK/Toad/Joyce
681,1993-07-18,Pepperell,Twin Otter,RW,6-way w/Dee/HW/PK/Toad/Joyce - 5 points
682,1993-07-18,Pepperell,Twin Otter,RW,12-way - Weed-Whacker to Round
683,1993-07-31,Pepperell,Twin Otter,RW,4-way w/Greg/Brendan/Scott - 9 points - H-man Video
684,1993-07-31,Pepperell,Twin Otter,RW,"Big ""O"""
685,1993-08-07,Turners Falls,Cessna 182,RW,4-way
686,1993-08-07,Turners Falls,Cessna 182,RW,8-way (formation load) - 2 points
offset,-2,,,,
689,1993-08-07,Turners Falls,Cessna 182,JM,"Eric - FJC, Rick - FJC, Rob - FJC"
690,1993-08-07,Turners Falls,Cessna 182,JM,"Carol - FJC, Ann - FJC, Anne - FJC"
691,1993-08-14,Lebanon,King Air,RW,4-way practice
692,1993-08-14,Lebanon,King Air,RW,4-way
693,1993-08-14,Lebanon,King Air,RW,12-way - Al's 2000th jump.
694,1993-08-14,Lebanon,King Air,RW,4-way practice
695,1993-08-14,Lebanon,King Air,RW,4-way practice
696,1993-08-14,Lebanon,King Air,RW,12-way - Jennie's first 12-way!
697,1993-08-19,Pepperell,Twin Otter,RW,6-way w/Mary - Jim Video
698,1993-08-19,Pepperell,Twin Otter,RW,2-way w/Hiroto
699,1993-08-19,Pepperell,Twin Otter,RW,6-way
700,1993-08-21,Lebanon,King Air,RW,4-way Team
701,1993-08-21,Lebanon,King Air,RW,"4-way Team - same as next, but not good at all!"
702,1993-08-21,Lebanon,King Air,RW,4-way Team - 9 points - Awesome!
703,1993-08-21,Lebanon,King Air,RW,11/12-way - Zoo
704,1993-08-22,Lebanon,King Air,RW,4-way Team
705,1993-08-22,Lebanon,King Air,RW,4-way Team
706,1993-08-22,Lebanon,King Air,RW,8-way Team - 3 points
707,1993-08-22,Lebanon,King Air,RW,8-way Team - 3 points
708,1993-08-26,Pepperell,Twin Otter,RW,3-way
709,1993-08-26,Pepperell,Twin Otter,RW,4-way w/Jim/RogerT/Scott - 15 points!
710,1993-08-28,Pepperell,Twin Otter,RW,Team
711,1993-08-28,Pepperell,Twin Otter,RW,Team
712,1993-08-29,Pepperell,Twin Otter,RW,Team
713,1993-08-29,Pepperell,Twin Otter,RW,Team
714,1993-08-29,Pepperell,Twin Otter,RW,Team
715,1993-08-29,Pepperell,Twin Otter,RW,Team
716,1993-08-29,Pepperell,Twin Otter,RW,Team
717,1993-08-29,Pepperell,Twin Otter,RW,20-way Zoo
718,1993-09-05,Lebanon,King Air,RW,Team
719,1993-09-05,Lebanon,King Air,RW,Team
720,1993-09-05,Lebanon,King Air,RW,Team
721,1993-09-05,Lebanon,King Air,RW,Team
722,1993-09-05,Lebanon,King Air,RW,Team
723,1993-09-05,Lebanon,King Air,RW,7-way w/Jennie/Brendan/MikeHager - 1 point
724,1993-09-06,Lebanon,King Air,RW,"Team ""Mr. Burble"""
725,1993-09-06,Lebanon,King Air,RW,"Team ""Mr. Burble"""
726,1993-09-06,Lebanon,King Air,RW,"Team ""Mr. Burble"""
727,1993-09-06,Lebanon,King Air,RW,"Team ""Mr. Burble"""
728,1993-09-12,Pepperell,Twin Otter,RW,8-way Team
729,1993-09-12,Pepperell,Twin Otter,RW,8-way Team
730,1993-09-12,Pepperell,Twin Otter,RW,8-way Team
731,1993-09-12,Pepperell,Twin Otter,RW,8-way Team
732,1993-09-12,Pepperell,Twin Otter,RW,8-way Team
733,1993-09-12,Pepperell,Twin Otter,RW,8-way Team
734,1993-09-17,DeLand,Twin Otter,RW,4-way practice (1st day) - hail!
735,1993-09-17,DeLand,Twin Otter,RW,4-way practice
736,1993-09-17,DeLand,Twin Otter,RW,4-way practice
737,1993-09-17,DeLand,Twin Otter,RW,4-way practice - cool!
738,1993-09-18,DeLand,Twin Otter,RW,4-way practice
739,1993-09-18,DeLand,Twin Otter,RW,4-way practice
740,1993-09-18,DeLand,Twin Otter,RW,4-way practice
741,1993-09-18,DeLand,Twin Otter,RW,4-way practice
742,1993-09-18,DeLand,Twin Otter,RW,4-way practice
743,1993-09-19,DeLand,Twin Otter,RW,4-way practice
744,1993-09-19,DeLand,Twin Otter,RW,4-way practice
745,1993-09-19,DeLand,Twin Otter,RW,4-way practice
746,1993-09-19,DeLand,Twin Otter,RW,8-way practice
747,1993-09-19,DeLand,Twin Otter,RW,8-way practice
748,1993-09-20,DeLand,Twin Otter,RW,8-way practice
749,1993-09-20,DeLand,Twin Otter,RW,8-way practice
750,1993-09-20,DeLand,Twin Otter,RW,8-way practice
751,1993-09-20,DeLand,Twin Otter,RW,8-way practice
752,1993-09-21,DeLand,Twin Otter,RW,"8-way Competition ""Burble Groups"""
753,1993-09-21,DeLand,Twin Otter,RW,"8-way Competition ""Burble Groups"""
754,1993-09-21,DeLand,Twin Otter,RW,"8-way Competition ""Burble Groups"""
755,1993-09-21,DeLand,Twin Otter,RW,"8-way Competition ""Burble Groups"""
756,1993-09-21,DeLand,Twin Otter,RW,"8-way Competition ""Burble Groups"""
757,1993-09-21,DeLand,Twin Otter,RW,"8-way Competition ""Burble Groups"" - 14 points total"
758,1993-09-22,DeLand,Twin Otter,RW,"4-way Competition ""Mr. Burble"""
759,1993-09-22,DeLand,Twin Otter,RW,"4-way Competition ""Mr. Burble"""
760,1993-09-22,DeLand,Twin Otter,RW,"4-way Competition ""Mr. Burble"""
761,1993-09-22,DeLand,Twin Otter,RW,"4-way Competition ""Mr. Burble"""
762,1993-09-22,DeLand,Twin Otter,RW,"4-way Competition ""Mr. Burble"" - one more to go!"
763,1993-09-23,DeLand,Twin Otter,RW,"4-way Competition ""Mr. Burble"" - final one"
764,1993-09-23,DeLand,Twin Otter,RW,"no suit - train exit, gorilla"
765,1993-09-23,DeLand,Twin Otter,RW,"no suit - backins, donuts, kiss pass (too much teeth!)"
766,1993-09-23,DeLand,Twin Otter,RW,tube exit! - flip cat
767,1993-09-23,DeLand,Twin Otter,RW,8-way tube!
768,1993-09-23,DeLand,Twin Otter,RW,3-way fly arounds
769,1993-09-24,DeLand,Twin Otter,RW,5-way
770,1993-09-24,DeLand,Twin Otter,RW,"Jennie's 1st CRW! (bi-plane) (Jennie: ""Yipee! Hoho was my first!"")"
771,1993-09-24,DeLand,Twin Otter,RW,kiss pass (much better!) - rodeo RW (ha!)
772,1993-09-24,DeLand,Twin Otter,RW,donuts + CRW (Jennie's 1st downplane - w/Hiroto)
773,1993-09-24,DeLand,Twin Otter,RW,donut + more CRW attempts
774,1993-09-25,DeLand,Twin Otter,RW,"5-way w/Jennie/Scott/Brendan/Hiroto - organized by Jennie! (Jennie: ""AWESOME CAUSE JEN ORGANIZED!"")"
775,1993-09-25,DeLand,Twin Otter,RW,"4-way drill - stairstep diamonds, bipoles"
776,1993-09-25,DeLand,Twin Otter,RW,"4-way stairstep diamonds - used Jennie's rig (Jennie: ""She's awesome!"")"
777,1993-09-25,DeLand,Twin Otter,RW,"4-way rounds, open accordions - cool!"
778,1993-09-25,DeLand,Twin Otter,CRW,4-stack (plane) CRW w/Jennie/Hiroto/Brendan (Jennie's 1st & Brendan's 1st) + Two Downplanes! (Brendan's 1st!) YAAAHOOO!!
779,1993-09-30,Pepperell,Cessna 182,RW,3-way
780,1993-09-30,Pepperell,Cessna 182,RW,4-way
781,1993-10-02,Lebanon,King Air,RW,10-way - See Video
782,1993-10-03,Lebanon,King Air,RW,9-way - star Wars - See Video
783,1993-10-11,Lebanon,,RW,5-way w/Caleb/Jennie/Jose/DaveMolson
784,1993-10-11,Lebanon,,RW,4-way
785,1993-10-11,Lebanon,,RW,4-way w/Jennie/Pat/Mack
786,1993-10-11,Lebanon,,RW,14-way
787,1993-10-11,Lebanon,,RW,10-way - Scott's 3000th!
788,1993-10-11,Lebanon,,RW,6-way
789,1993-10-16,Pepperell,Twin Otter,RW,3-way w/Jennie/Hiroto/ - rotating missing diamond slot
790,1993-10-16,Pepperell,Twin Otter,RW,3-way w/Jennie/Hiroto/ - rotating missing diamond slot
791,1993-10-23,Turners Falls,Cessna 182,CRW,4-way CRW w/Hiroto/Brian/Jennie
792,1993-10-23,Turners Falls,Cessna 182,CRW,more CRW
793,1993-10-23,Turners Falls,Cessna 182,RW,8-way (formation load)
794,1993-10-23,Turners Falls,Cessna 182,RW,6-way (formation load) - got it!
795,1993-10-24,Turners Falls,Cessna 182,CRW,Land way off - Jennie - manure landing!
796,1993-10-24,Turners Falls,Cessna 182,RW,4-way w/Jennie/Scott/Brian - Awesome kiss!
797,1993-10-24,Turners Falls,Cessna 182,RW,4-way w/Jennie/Brian/Hiroto - Jennie's 100th!
798,1993-11-06,Pepperell,Twin Otter,RW,13-way
799,1993-11-06,Pepperell,Twin Otter,RW,16-way
800,1993-11-06,Pepperell,Twin Otter,RW,18-way
801,1993-11-07,Pepperell,Twin Otter,RW,10-way
802,1993-11-07,Pepperell,Twin Otter,RW,17-way - Jennie almost there!
803,1993-11-07,Pepperell,Twin Otter,RW,8-way - 2 points
804,1993-11-13,Turners Falls,Cessna 182,Hop and Pop,H+P
805,1993-11-14,Turners Falls,Cessna 182,RW,"3-way w/Tania/Jennie - Jennie: ""Yippee!"""
806,1993-11-14,Turners Falls,Cessna 182,RW,4-way
807,1993-11-21,Turners Falls,Cessna 182,RW,4-way w/Todd/Brian/Jennie - 4 points
808,1993-12-29,Skydive City,Twin Otter,RW,5-way w/Jennie/Richie
809,1993-12-29,Skydive City,Twin Otter,RW,2-way? w/Jennie? + CRW w/Jennie (6000 open)
810,1993-12-30,Skydive City,Twin Otter,RW,10-way
811,1993-12-30,Skydive City,Twin Otter,RW,4-way
812,1993-12-30,Skydive City,Twin Otter,RW,7-way
813,1993-12-30,Skydive City,Twin Otter,RW,9-way
814,1993-12-30,Skydive City,Twin Otter,RW,9-way
815,1993-12-30,Skydive City,Twin Otter,RW,11-way
816,1993-12-30,Skydive City,Twin Otter,RW,9-way
817,1993-12-30,Skydive City,Twin Otter,RW,4-way w/Rand/Tooth/Jennie - 6 points
818,1993-12-30,Skydive City,Porter,RW,8-way out of Porter!
819,1994-01-01,Skydive City,Twin Otter,RW,5-way w/Jennie/Gareth
820,1994-01-02,Skydive City,Twin Otter,RW,4-way w/Anita/Jennie/Hiroto
821,1994-01-02,Skydive City,Twin Otter,Hop and Pop,Hop + Pop
822,1994-02-19,Lebanon,Cessna 182,RW,3-way w/Andy/Jennie
823,1994-02-20,Pepperell,Cessna 205,RW,4-way w/HW/Jennie/Greg
824,1994-02-20,Pepperell,Cessna 205,RW,4-way w/Rich/Greg/Jennie - NH landing!
825,1994-03-26,Turners Falls,Cessna 182,RW,4-way w/Leslie/Gary/Al - Nice one!
826,1994-03-26,Turners Falls,Cessna 182,RW,4-way w/Brian/Tim - Nice 4-way!
827,1994-04-23,Pepperell,Twin Otter,RW,5-way
828,1994-04-23,Pepperell,Twin Otter,RW,10-way
829,1994-04-23,Pepperell,Twin Otter,RW,12-way
830,1994-04-24,Turners Falls,Cessna 182,RW,4-way
831,1994-04-24,Turners Falls,Cessna 182,RW,3-way
832,1994-04-24,Turners Falls,Cessna 182,Hop and Pop,cross country - 8 miles - landed at school.
833,1994-04-24,Turners Falls,Cessna 182,RW,4-way
834,1994-04-30,Pepperell,Twin Otter,RW,4-way w/HW/Jennie/Carl
835,1994-04-30,Pepperell,Twin Otter,RW,5-way w/HW/Jennie/Carl/Eric
836,1994-04-30,Pepperell,Twin Otter,RW,5-way
837,1994-04-30,Pepperell,Twin Otter,RW,6-way - cool rotating zippers!
838,1994-05-07,Pepperell,Twin Otter,RW,7-way
839,1994-05-07,Pepperell,Twin Otter,RW,4-way w/ Edwardo/John/Jennie
840,1994-05-07,Pepperell,Twin Otter,RW,4-way
841,1994-05-07,Pepperell,Twin Otter,RW,6-way - scary!
842,1994-05-15,Pepperell,Twin Otter,RW,4-way w/HW/Jennie/Tim
843,1994-05-15,Pepperell,Twin Otter,RW,4-way w/Scott/Jennie/Kirk - Cool!
844,1994-05-15,Pepperell,Twin Otter,RW,22-way
845,1994-05-21,Pepperell,Twin Otter,RW,6-way
846,1994-05-21,Pepperell,Twin Otter,RW,11-way
847,1994-05-21,Pepperell,Twin Otter,RW,12-way
848,1994-05-21,Pepperell,Twin Otter,RW,16-way
849,1994-05-21,Pepperell,Twin Otter,RW,16-way
850,1994-05-22,Pepperell,Twin Otter,RW,14-way
851,1994-05-22,Pepperell,Twin Otter,RW,14-way
852,1994-05-22,Pepperell,Twin Otter,RW,12-way
853,1994-05-22,Pepperell,Twin Otter,RW,11-way
854,1994-05-28,Pepperell,Twin Otter,RW,18-way
855,1994-05-28,Pepperell,Twin Otter,RW,20-way
856,1994-05-28,Pepperell,Twin Otter,RW,20-way
857,1994-05-29,Pepperell,Twin Otter,RW,10-way
858,1994-05-29,Pepperell,Twin Otter,RW,12-way
859,1994-05-29,Pepperell,Twin Otter,RW,30-way attempt
860,1994-05-29,Pepperell,Twin Otter,RW,30-way room dive - 2 points - yahoo!
861,1994-06-04,Pepperell,Twin Otter,RW,9-way w/Heather/Jennie/Doug/Ray/Q/RogerT/Ed
862,1994-06-04,Pepperell,Twin Otter,RW,Zooy 10-way
863,1994-06-04,Pepperell,Twin Otter,RW,4-way w/TomM/John/Jennie
864,1994-06-04,Pepperell,Twin Otter,RW,6-way
865,1994-06-05,Pepperell,Twin Otter,RW,3-way w/Olaf/Jennie - 11 points
866,1994-06-11,Pepperell,Twin Otter,RW,4-way w/Olaf/Hiroto/Jennie
offset,2,,,,
865,1994-06-11,Pepperell,Twin Otter,RW,3-way w/Olaf/Jennie
866,1994-06-18,Pepperell,Twin Otter,RW,12-way
867,1994-06-18,Pepperell,Twin Otter,RW,10-way
868,1994-06-18,Pepperell,Twin Otter,RW,10-way
869,1994-06-18,Pepperell,Twin Otter,RW,15-way

gap,,,,,

1124,1996-07-14,Pepperell,Twin Otter,RW,5-way w/Rox
1125,1996-07-14,Pepperell,Twin Otter,RW,4-way w/Rox
1126,1996-07-22,Pepperell,Twin Otter,RW,Rox's 500th!
1127,1996-08-25,Orange,Cessna 182,RW,3-way
1128,1996-08-31,Pepperell,Twin Otter,RW,6-way w/Ed
1129,1996-08-31,Pepperell,Twin Otter,RW,6-way w/Jennie/Mania/Ed/Eric/Rick

1130,1996-09-01,Pepperell,Twin Otter,RW,"6-way ""Super-position"" w/Tara/Mike/Dave/Shireen/Heather"
1131,1996-09-01,Pepperell,Twin Otter,RW,"4-way w/Shireen/Heather/Hubert - Chinese Tee, Crossbow, Opal, Cataccord - 11 points"
1132,1996-09-04,Pepperell,Twin Otter,RW,10-way
1133,1996-09-04,Pepperell,Twin Otter,RW,15-way spider dive w/Eric
1134,1996-09-21,Pepperell,Twin Otter,RW,"4-way w/Shireen/Heather/DaveG - open acc to stairstep diamond, molar, star 360 star - cranking! ~22 points"
1135,1996-09-21,Pepperell,Twin Otter,RW,"6-way ""Superposition"" w/Rox/Shireen/Heather/Dave/Q"

1136,1996-09-21,Pepperell,Twin Otter,RW,"4-way w/Heather/Rick/Shireen - donut 540 donut, open stairstep 360 compressed stairstep - ~13 points"
1137,1996-09-21,Pepperell,Twin Otter,RW,"4-way w/Rick/Heather/Shireen - Hard! - Blackhole to bipole, bipole to donut - ~10 points"
1138,1996-10-13,Orange,King Air,RW,w/Jim/etc.
1139,1996-10-13,Orange,King Air,RW,8-way
1140,1996-10-13,Orange,King Air,RW,4-way w/FKSteve/Dave/Jack
1141,1996-10-13,Orange,King Air,RW,4-way w/FKSteve/Dave/Jack

1142,1997-04-26,Orange,Cessna 182,RW,"4-way w/Brian/Derek/Jack - meeker, open, marquee"
1143,1997-05-17,Turners Falls,Cessna 182,Hop and Pop,Solo
1144,1997-05-18,Pepperell,Twin Otter,RW,w/Sally/etc.
1145,1997-05-18,Pepperell,Twin Otter,RW,w/Sally/etc.
1146,1997-05-24,Orange,King Air,RW,w/Ira/Tim/Dave - 14 points!
1147,1997-05-24,Orange,King Air,RW,"w/Joanne - rotating spider (well, with a round in the middle) - 3 points"

1148,1997-05-24,Orange,King Air,RW,w/Joanne/John/?
1149,1997-05-24,Orange,King Air,RW,Hot 4-way w/Dave/Ira/Tim
1150,1997-06-21,Orange,King Air,RW,8-way w/Joanne/Eric/... - Joanne's weight vest jump
1151,1997-06-21,Orange,King Air,RW,11-way
1152,1997-06-21,Orange,King Air,RW,2-way w/Joanne - vertical practice
1153,1997-07-13,Orange,King Air,RW,9-way

1154,1997-07-13,Orange,King Air,RW,13-way w/Jim/etc.
1155,1997-07-13,Orange,King Air,RW,11-way w/Jim/etc.
1156,1997-07-13,Orange,King Air,RW,5-way w/Jim/Mike/Dave/Brian
1157,1997-07-20,Orange,King Air,RW,w/Joanne/Olaf - 6 points
1158,1997-07-20,Orange,King Air,RW,w/HW/Joanne/...
1159,1997-07-26,Orange,King Air,RW,3-way drill with video w/Joanne/Carl/...

1160,1997-07-26,Orange,King Air,RW,9-way do-si-do
1161,1997-07-26,Orange,King Air,RW,4-way
1162,1997-07-26,Orange,King Air,RW,Attempt Horny Gorilla
1163,1997-08-22,Pepperell,Twin Otter,RW,22-way (first jump on 76-way weekend)
1164,1997-08-22,Pepperell,Twin Otter,RW,76-way attempt #1
1165,1997-08-22,Pepperell,Twin Otter,RW,76-way attempt #2

1166,1997-08-23,Pepperell,Twin Otter,RW,76-way attempt #3
1167,1997-08-23,Pepperell,Twin Otter,RW,76-way attempt #4
1168,1997-08-23,Pepperell,Twin Otter,RW,76-way!!
1169,1997-08-23,Pepperell,Casa,RW,28-way Weed-Whacker w/Josh/etc.
1170,1997-08-23,Pepperell,Casa,RW,50-way attempt w/Josh/PeteL - Almost! (47) - PeteL's 4000th
1171,1997-08-24,Pepperell,Casa,RW,Awesome 2-way w/Civie - Compressed Accordion Practice

1172,1997-08-24,Pepperell,Casa,RW,Civie's 1st 4-way! Excellent! - 8 points
1173,1997-08-24,Pepperell,Twin Otter,RW,5-way w/Civie/Olaf/Brian/Dave - 5 points
1174,1997-08-31,Orange,King Air,RW,4-way w/Senior/Tim/GaryD - 8 points
1175,1997-10-12,Orange,King Air,RW,Fill in for 6-way scrambles
1176,1997-10-17,MIT Briggs Field,Cessna 182,RW,Demo into MIT! w/Brian/TomWarner/Greg
1177,1998-01-25,Space Center,Caravan,Sit-Fly,2-way Sit dive

1178,1998-01-25,Space Center,Caravan,RW,3-way w/Buddy/?
1179,1998-01-25,Space Center,Caravan,Freestyle,Freestyle! (solo)
1180,1998-04-18,Pepperell,Twin Otter,RW,"12-way w/EdT/Greg/Jim/Jenny - cool, but very windy"
1181,1998-04-29,Pepperell,Twin Otter,RW,3-way w/Civie/Derek - Cool - got through whole thing
1182,1998-04-29,Pepperell,Twin Otter,RW,5-way w/Civie/Ed/Jim/Rick - Funnel exit!
1183,1998-05-13,Pepperell,Twin Otter,RW,10-way w/Ed/Rox/etc.

1184,1998-05-13,Pepperell,Twin Otter,RW,10-way w/Ed/Rox/etc.
1185,1998-05-16,Turners Falls,King Air,RW,4-way w/Josh/Ann/Wes - 12 points?
1186,1998-05-16,Turners Falls,King Air,RW,4-way w/Eric/Dave/? - 11 points
1187,1998-05-16,Turners Falls,King Air,RW,6-way w/HW/Civie/Jay/Dave/Tim
1188,1998-05-16,Turners Falls,King Air,RW,10-way - video - geeking
1189,1998-06-10,Pepperell,Twin Otter,RW,Ed's Wednesday group

1190,1998-06-19,Pepperell,Twin Otter,RW,14-way w/Ed/etc. - Solstice Boogie
1191,1998-06-19,Pepperell,Twin Otter,RW,w/Ed/etc.
1192,1998-07-12,Orange,King Air,Sit-Fly,Sit-fly (ha!) w/Civie
1193,1998-07-12,Orange,King Air,Freestyle,Free-style! w/Joanne
1194,1998-07-12,Orange,King Air,Freestyle,Free-style! w/Joanne - video: Ira - Joanne & I got video/stills before wedding!
1195,1998-08-08,Vinton Iowa,Cessna 182,RW,Fly-around open-accordions w/Mike/Joanne

1196,1998-08-08,Vinton Iowa,Cessna 182,RW,3-way! w/Joanne/Dave
1197,1998-08-15,Lost Prairie,Cessna 182,RW,Solo
1198,1998-08-15,Lost Prairie,Cessna 182,RW,Awesome 3-way w/Fred/Joanne (Fred is DZO)
1199,1998-09-05,Lake Elsinore,Twin Otter,RW,20-way (organizer: Jim Wallace)
1200,1998-09-05,Lake Elsinore,Twin Otter,RW,16-way
1201,1998-09-05,Lake Elsinore,Twin Otter,RW,"Awesome 4-way w/JulieB/Barbara/Paula - meeker, bipole, satellite, compressed"

1202,1998-09-12,Eloy,Twin Otter,RW,No-suit 2-way w/Joanne
1203,1998-10-11,Palatka,Cessna 182,RW,2-way w/Kat
1204,1998-10-11,Palatka,Cessna 182,RW,Awesome 3-way! w/Nigel/Kat
1205,1998-10-25,Skydive Virginia,King Air,RW,Zooy 5-way
1206,1998-10-25,Skydive Virginia,King Air,RW,4-way - Nice! - 11 points!
1207,1999-03-20,Mile-Hi,King Air,RW,w/Joanne
